{
  "train_history": {
    "train_loss": [
      2.781483150146995,
      0.9483504546337048,
      0.604583180442016,
      0.5125841324498963,
      0.45372786865635895,
      0.38358893684388207,
      0.37844835977175245,
      0.3229656204668548,
      0.318058702829742,
      0.27600096035203175,
      0.27587436265900545,
      0.2636315225326616,
      0.24619387035714033,
      0.23972921733140445,
      0.22251893625411528,
      0.2174329488503135,
      0.20197818438690077,
      0.2110601925469592,
      0.20129225370088383,
      0.20131824588800573,
      0.19624513877485586
    ],
    "train_accuracy": [
      0.45271966527196655,
      0.7546443514644351,
      0.863765690376569,
      0.8999163179916319,
      0.9099581589958159,
      0.9184937238493723,
      0.9221757322175732,
      0.9246861924686193,
      0.9298744769874477,
      0.9292050209205021,
      0.9323849372384937,
      0.9298744769874477,
      0.9325523012552301,
      0.935397489539749,
      0.934560669456067,
      0.9348953974895398,
      0.9365690376569038,
      0.9364016736401674,
      0.9392468619246862,
      0.9369037656903766,
      0.9389121338912134
    ],
    "val_loss": [
      0.8239859290421009,
      0.7204089804552496,
      0.765969022968784,
      0.8069515342824161,
      0.7983476429479197,
      0.7619026178959757,
      0.754079153900966,
      0.7199445705395192,
      0.7211852923966944,
      0.6925468406639993,
      0.6717011164873838,
      0.6925097446888685,
      0.7141140636987984,
      0.689307211060077,
      0.7006422790698708,
      0.7420191788114607,
      0.777962435875088,
      0.795006146794185,
      0.82789475065656,
      0.8084553193766624,
      0.8141037512104958
    ],
    "val_accuracy": [
      0.79375,
      0.8875,
      0.90390625,
      0.90390625,
      0.90390625,
      0.90390625,
      0.90390625,
      0.90390625,
      0.90390625,
      0.90390625,
      0.90390625,
      0.90390625,
      0.90390625,
      0.90390625,
      0.90390625,
      0.90390625,
      0.90390625,
      0.90390625,
      0.90390625,
      0.90546875,
      0.90390625
    ],
    "lr": [
      0.001,
      0.001,
      0.001,
      0.001,
      0.001,
      0.001,
      0.001,
      0.001,
      0.001,
      0.001,
      0.001,
      0.001,
      0.001,
      0.001,
      0.001,
      0.001,
      0.001,
      0.0005,
      0.0005,
      0.0005,
      0.0005
    ]
  },
  "test_metrics": {
    "loss": 0.4027893910828589,
    "accuracy": 0.9313036690085871,
    "class_accuracy": {
      "0": 1.0,
      "1": 0.0,
      "2": 0.0
    },
    "n_samples": 1281,
    "confusion_matrix": [
      [
        1193,
        0,
        0
      ],
      [
        39,
        0,
        0
      ],
      [
        49,
        0,
        0
      ]
    ]
  },
  "regime_distribution": {
    "train": {
      "0.0": 5588,
      "1.0": 215,
      "2.0": 172
    },
    "val": {
      "0.0": 1157,
      "1.0": 63,
      "2.0": 60
    },
    "test": {
      "0.0": 1193,
      "2.0": 49,
      "1.0": 39
    }
  },
  "timestamp": "20251208_131709"
}