{
  "train_history": {
    "train_loss": [
      2.760837687612598,
      0.8423135696559341,
      0.48624365598028196,
      0.44215689971606453,
      0.4299748747020326,
      0.3999059405393784,
      0.3722904122135342,
      0.3396970522688992,
      0.3152750786901407,
      0.2989023974816763,
      0.29685107658408416,
      0.27757531505657485,
      0.27634209142609617,
      0.24701513843472112,
      0.24349710501595725,
      0.24166949777699423,
      0.24592270948043943
    ],
    "train_accuracy": [
      0.44249121044701156,
      0.7885484681064792,
      0.9022266867570735,
      0.9316926167754898,
      0.9393939393939394,
      0.9424075004185501,
      0.9455884815000837,
      0.9470952620123891,
      0.9484346224677717,
      0.9497739829231542,
      0.9516156035493052,
      0.9511133433785367,
      0.9524527038339193,
      0.9544617445169932,
      0.9529549640046877,
      0.95546626485853,
      0.954629164573916
    ],
    "val_loss": [
      1.077245489321649,
      0.3018476075027138,
      0.26020087137585507,
      0.2956973614054732,
      0.2757396039552987,
      0.26012990715680645,
      0.2570342156570405,
      0.27540030343225225,
      0.2749732319964096,
      0.2796784201520495,
      0.26784914631862194,
      0.3168306116916938,
      0.29119897448690607,
      0.30068712641950696,
      0.32589209751458836,
      0.34566531667951494,
      0.34260038563224954
    ],
    "val_accuracy": [
      0.85234375,
      0.91484375,
      0.9578125,
      0.9578125,
      0.9578125,
      0.9578125,
      0.9578125,
      0.9578125,
      0.9578125,
      0.9578125,
      0.9578125,
      0.9578125,
      0.9578125,
      0.9578125,
      0.9578125,
      0.9578125,
      0.9578125
    ],
    "lr": [
      0.001,
      0.001,
      0.001,
      0.001,
      0.001,
      0.001,
      0.001,
      0.001,
      0.001,
      0.001,
      0.001,
      0.001,
      0.001,
      0.0005,
      0.0005,
      0.0005,
      0.0005
    ]
  },
  "test_metrics": {
    "loss": 0.5872357120853848,
    "accuracy": 0.95,
    "class_accuracy": {
      "0": 1.0,
      "1": 0.0,
      "2": 0.0
    },
    "n_samples": 1280,
    "confusion_matrix": [
      [
        1216,
        0,
        0
      ],
      [
        14,
        0,
        0
      ],
      [
        50,
        0,
        0
      ]
    ]
  },
  "regime_distribution": {
    "train": {
      "0.0": 5714,
      "1.0": 139,
      "2.0": 120
    },
    "val": {
      "0.0": 1226,
      "2.0": 37,
      "1.0": 17
    },
    "test": {
      "0.0": 1216,
      "2.0": 50,
      "1.0": 14
    }
  },
  "timestamp": "20251208_131754"
}