{
  "train_history": {
    "train_loss": [
      3.010364580814858,
      2.5452337139531185,
      2.408260512814297,
      2.0204786998083057,
      2.0192710344150786,
      1.8762531637154787,
      1.7852124540429366,
      1.696404414361864,
      1.6310219612808439,
      1.5514714176965223,
      1.3981254158918217,
      1.3608168220916284,
      1.3969460528973396,
      1.309871238024281,
      1.2582552587556708,
      1.2571360694404454,
      1.2101851458034356,
      1.1506803856001666,
      1.1649836487387026,
      1.11174320441534,
      1.1395146027826537,
      1.0723520160712035,
      1.0492013650587722,
      1.010455570854969,
      0.9991803555607466,
      0.9889284455545061,
      0.9756931969993993,
      0.9594477574250705,
      0.9966485250029208
    ],
    "train_accuracy": [
      0.37229916897506926,
      0.39002770083102495,
      0.40166204986149584,
      0.46094182825484764,
      0.4592797783933518,
      0.4626038781163435,
      0.4759002770083102,
      0.46814404432132967,
      0.47202216066481995,
      0.48365650969529084,
      0.506371191135734,
      0.5246537396121884,
      0.4919667590027701,
      0.5135734072022161,
      0.5135734072022161,
      0.5240997229916897,
      0.532409972299169,
      0.5285318559556786,
      0.5473684210526316,
      0.5390581717451524,
      0.5174515235457063,
      0.554016620498615,
      0.5590027700831025,
      0.5684210526315789,
      0.5850415512465375,
      0.5623268698060941,
      0.5750692520775623,
      0.5916897506925207,
      0.561218836565097
    ],
    "val_loss": [
      1.9161198962595045,
      1.7099203485803507,
      1.6755036270802783,
      1.5580331094793438,
      1.4624319506674697,
      1.5234072653903175,
      1.3850533630430084,
      1.3913711819452108,
      1.3843854137302674,
      1.3828012832661265,
      1.3390969382118934,
      1.3083644195930244,
      1.3145437885805504,
      1.3041637229550744,
      1.290432417515627,
      1.2692927841058712,
      1.3034276329364973,
      1.294065106160862,
      1.252772238451181,
      1.27320627514849,
      1.2955912314739424,
      1.2954388359158309,
      1.325580378168637,
      1.2944778769286638,
      1.2711704262753123,
      1.2620206309348037,
      1.269614518917713,
      1.2861069784950965,
      1.2796058114041988
    ],
    "val_accuracy": [
      0.3170103092783505,
      0.3711340206185567,
      0.35309278350515466,
      0.36855670103092786,
      0.36597938144329895,
      0.3556701030927835,
      0.3865979381443299,
      0.39948453608247425,
      0.41494845360824745,
      0.42010309278350516,
      0.41237113402061853,
      0.42783505154639173,
      0.4252577319587629,
      0.43556701030927836,
      0.4329896907216495,
      0.4381443298969072,
      0.42783505154639173,
      0.44329896907216493,
      0.44587628865979384,
      0.4536082474226804,
      0.43556701030927836,
      0.4329896907216495,
      0.4329896907216495,
      0.45103092783505155,
      0.4639175257731959,
      0.4690721649484536,
      0.47164948453608246,
      0.4639175257731959,
      0.4690721649484536
    ],
    "lr": [
      0.001,
      0.001,
      0.001,
      0.001,
      0.001,
      0.001,
      0.001,
      0.001,
      0.001,
      0.001,
      0.001,
      0.001,
      0.001,
      0.001,
      0.001,
      0.001,
      0.001,
      0.001,
      0.001,
      0.001,
      0.001,
      0.001,
      0.001,
      0.001,
      0.001,
      0.0005,
      0.0005,
      0.0005,
      0.0005
    ]
  },
  "test_metrics": {
    "loss": 1.1313011600065601,
    "accuracy": 0.4625322997416021,
    "class_accuracy": {
      "0": 0.013888888888888888,
      "1": 0.7516778523489933,
      "2": 0.39759036144578314
    },
    "n_samples": 387,
    "confusion_matrix": [
      [
        1,
        38,
        33
      ],
      [
        0,
        112,
        37
      ],
      [
        0,
        100,
        66
      ]
    ]
  },
  "regime_distribution": {
    "train": {
      "2.0": 784,
      "1.0": 710,
      "0.0": 311
    },
    "val": {
      "1.0": 173,
      "2.0": 137,
      "0.0": 78
    },
    "test": {
      "2.0": 166,
      "1.0": 149,
      "0.0": 72
    }
  },
  "timestamp": "20251208_131556"
}