{
  "train_history": {
    "train_loss": [
      2.796164089575746,
      2.131109915320567,
      1.7761529733558696,
      1.5439171720930625,
      1.4080923336243543,
      1.2925771156842898,
      1.2095724673355355,
      1.1368474377335658,
      1.091144897611206,
      1.0603035819144684,
      1.0275706147282448,
      1.0183494064144623,
      1.0014865320077244,
      0.9843491999570666,
      0.987121493939521,
      0.9687641833334353,
      0.9691578404464609,
      0.9609316203203728
    ],
    "train_accuracy": [
      0.36286368094148413,
      0.39898659692710037,
      0.4302059496567506,
      0.4235044132069304,
      0.43135011441647597,
      0.44458973520758416,
      0.45308924485125857,
      0.47139588100686497,
      0.48332788492971557,
      0.493461915658712,
      0.5011441647597255,
      0.5145472376593658,
      0.5160183066361556,
      0.522066034651847,
      0.5281137626675384,
      0.5460934946060804,
      0.5397188623733247,
      0.5488721804511278
    ],
    "val_loss": [
      1.8132685440174048,
      1.7095536090871197,
      1.6004453010908253,
      1.5125226079735659,
      1.4464095038916662,
      1.492648090141407,
      1.4520224668341315,
      1.388751040516147,
      1.4082571205339933,
      1.441821432950204,
      1.4722798007940354,
      1.4771097109210483,
      1.536904417768314,
      1.5887232289616158,
      1.6228248712036284,
      1.6546902772036334,
      1.74764731401346,
      1.7196129309503656
    ],
    "val_accuracy": [
      0.37223493516399697,
      0.38291380625476734,
      0.37833714721586575,
      0.39740655987795576,
      0.37299771167048057,
      0.37681159420289856,
      0.37681159420289856,
      0.37833714721586575,
      0.3714721586575134,
      0.36613272311212813,
      0.36536994660564454,
      0.36155606407322655,
      0.36231884057971014,
      0.35469107551487417,
      0.3524027459954233,
      0.3493516399694889,
      0.3501144164759725,
      0.3501144164759725
    ],
    "lr": [
      0.001,
      0.001,
      0.001,
      0.001,
      0.001,
      0.001,
      0.001,
      0.001,
      0.001,
      0.001,
      0.001,
      0.001,
      0.001,
      0.001,
      0.0005,
      0.0005,
      0.0005,
      0.0005
    ]
  },
  "test_metrics": {
    "loss": 2.1229530921796473,
    "accuracy": 0.29878048780487804,
    "class_accuracy": {
      "0": 0.0,
      "1": 0.15354330708661418,
      "2": 0.785
    },
    "n_samples": 1312,
    "confusion_matrix": [
      [
        0,
        48,
        356
      ],
      [
        0,
        78,
        430
      ],
      [
        0,
        86,
        314
      ]
    ]
  },
  "regime_distribution": {
    "train": {
      "2.0": 2588,
      "1.0": 2365,
      "0.0": 1165
    },
    "val": {
      "1.0": 514,
      "2.0": 466,
      "0.0": 331
    },
    "test": {
      "1.0": 508,
      "0.0": 404,
      "2.0": 400
    }
  },
  "timestamp": "20251208_131830"
}