{
  "train_history": {
    "train_loss": [
      2.5594373696783657,
      1.8633072421911705,
      1.6529331410976258,
      1.4897721110937991,
      1.389499307013353,
      1.2897277457575917,
      1.252196620828113,
      1.1801427421503696,
      1.164717970979633,
      1.1055941187018743,
      1.0893234968067338,
      1.0726957424395112,
      1.0477646978770976,
      1.0336259169528956,
      1.018906440340451,
      1.0150294719561899,
      0.987553915450808,
      0.9736486790064874,
      0.9592214385451943,
      0.957181227764163,
      0.9622392891381113,
      0.9368140010210239,
      0.9413662284479807,
      0.939855393706837,
      0.9163040051626375,
      0.905733955197746,
      0.8885233133701635,
      0.8998219633488169,
      0.8906958636738432
    ],
    "train_accuracy": [
      0.3478619778768367,
      0.4261185405316163,
      0.4465907214792802,
      0.47036486709592207,
      0.4751527158659402,
      0.5000825491167245,
      0.500908040283969,
      0.510813934290903,
      0.5132904077926366,
      0.5334323922734027,
      0.5365692587089318,
      0.5439986792141324,
      0.5492818226844973,
      0.5586924219910847,
      0.5560508502559023,
      0.5648010566286941,
      0.5742116559352815,
      0.5783391117715041,
      0.5880799075449893,
      0.5882450057784382,
      0.5887403004787849,
      0.5991414891860657,
      0.5968301139177811,
      0.601948159154697,
      0.6075614990919597,
      0.6168070001650983,
      0.6244015189037477,
      0.6252270100709922,
      0.6275383853392769
    ],
    "val_loss": [
      0.88573229593011,
      0.704272378069594,
      0.6305929024248902,
      0.5935745170377252,
      0.5554538891293418,
      0.5312196314794073,
      0.5400752078954171,
      0.5270985301543825,
      0.5011004646221184,
      0.5112895893021981,
      0.5184612551528978,
      0.5013214783235029,
      0.477454438047894,
      0.48793240578038666,
      0.47616375824336094,
      0.4748141227407705,
      0.47723770049760816,
      0.47699691665190946,
      0.46431662856338574,
      0.4783933742204322,
      0.4820438745576538,
      0.47923035099987626,
      0.4867677116430779,
      0.4857123520782071,
      0.47025894705430016,
      0.4758845424431682,
      0.4823535662402725,
      0.48996411477472457,
      0.493737112300238
    ],
    "val_accuracy": [
      0.5924499229583975,
      0.6640986132511556,
      0.6848998459167951,
      0.7311248073959938,
      0.7750385208012327,
      0.7989214175654854,
      0.7912172573189522,
      0.7935285053929122,
      0.8451463790446841,
      0.8181818181818182,
      0.8212634822804314,
      0.849768875192604,
      0.8574730354391371,
      0.8389830508474576,
      0.8559322033898306,
      0.8412942989214176,
      0.8397534668721109,
      0.8351309707241911,
      0.8528505392912172,
      0.8366718027734977,
      0.8289676425269645,
      0.8305084745762712,
      0.8328197226502311,
      0.8228043143297381,
      0.8366718027734977,
      0.837442218798151,
      0.825115562403698,
      0.8220338983050848,
      0.8235747303543913
    ],
    "lr": [
      0.001,
      0.001,
      0.001,
      0.001,
      0.001,
      0.001,
      0.001,
      0.001,
      0.001,
      0.001,
      0.001,
      0.001,
      0.001,
      0.001,
      0.001,
      0.001,
      0.001,
      0.001,
      0.001,
      0.001,
      0.001,
      0.001,
      0.001,
      0.001,
      0.001,
      0.0005,
      0.0005,
      0.0005,
      0.0005
    ]
  },
  "test_metrics": {
    "loss": 0.45983102481427657,
    "accuracy": 0.8559322033898306,
    "class_accuracy": {
      "0": 0.8435672514619883,
      "1": 0.8566176470588235,
      "2": 0.9714285714285714,
      "3": 0.0
    },
    "n_samples": 1298
  },
  "timestamp": "20251208_133812"
}