{
  "train_history": {
    "train_loss": [
      1.9399509261581156,
      1.4518677512583837,
      1.2312347574068776,
      1.0898089795067405,
      0.9938639502152776,
      0.880711533268046,
      0.777392125589546,
      0.7137143177976792,
      0.6870206211586721,
      0.6441052174716262,
      0.6227021072962269,
      0.5881957710276401,
      0.5831772301196273,
      0.5504836960920675,
      0.5469175739668678,
      0.5231577615287422,
      0.5294175904418332,
      0.5231622477768683,
      0.5166258594303125,
      0.5119170374089341,
      0.51034131508787,
      0.5127879482891561,
      0.5002822446916648,
      0.5019137005706206,
      0.497928237790335,
      0.4893028588028428,
      0.48467806389847,
      0.48175989170797745,
      0.48438723337108613,
      0.4761748731467567
    ],
    "train_accuracy": [
      0.5820529584831644,
      0.6531546256946714,
      0.6750572082379863,
      0.6832298136645962,
      0.683066361556064,
      0.6899313501144165,
      0.7124877410918601,
      0.7113435763321346,
      0.7270349787512259,
      0.7343903236351749,
      0.7355344883949003,
      0.7450147106897679,
      0.7487741091860085,
      0.7587446878064728,
      0.7558025498528931,
      0.7589081399150049,
      0.7620137299771167,
      0.76299444262831,
      0.7654462242562929,
      0.7693690748610658,
      0.7685518143184047,
      0.7656096763648251,
      0.773618829682903,
      0.7657731284733573,
      0.7713305001634521,
      0.7750898986596927,
      0.7723112128146453,
      0.7754168028767571,
      0.7714939522719844,
      0.7765609676364825
    ],
    "val_loss": [
      0.7979907424826371,
      0.7230320848825776,
      0.6535804244646309,
      0.649528273546814,
      0.6532613121308415,
      0.6252987105186253,
      0.6110185394298021,
      0.5955471798811679,
      0.5861367558723729,
      0.5777406626807925,
      0.581040343535392,
      0.5805510986087706,
      0.5797582264850378,
      0.5773102040740027,
      0.569670203621382,
      0.5690812456935167,
      0.5745885284869021,
      0.5764074219173371,
      0.5695364292026203,
      0.5684561221359523,
      0.5708815322678841,
      0.5780185193255327,
      0.5796162392418408,
      0.577948813739394,
      0.5770885689989653,
      0.5830901777989804,
      0.5841040187987728,
      0.5856638441414982,
      0.5782368615508352,
      0.5846810495917075
    ],
    "val_accuracy": [
      0.7276887871853547,
      0.7559115179252479,
      0.7597254004576659,
      0.7627765064836003,
      0.7742181540808543,
      0.7711670480549199,
      0.7757437070938215,
      0.7704042715484363,
      0.7734553775743707,
      0.7719298245614035,
      0.7711670480549199,
      0.7719298245614035,
      0.7696414950419527,
      0.7635392829900839,
      0.7635392829900839,
      0.7643020594965675,
      0.7627765064836003,
      0.7658276125095347,
      0.7688787185354691,
      0.7673531655225019,
      0.7650648360030511,
      0.7627765064836003,
      0.7604881769641495,
      0.7620137299771167,
      0.7604881769641495,
      0.7574370709382151,
      0.7574370709382151,
      0.7589626239511823,
      0.7536231884057971,
      0.7498093058733791
    ],
    "lr": [
      0.001,
      0.001,
      0.001,
      0.001,
      0.001,
      0.001,
      0.001,
      0.001,
      0.001,
      0.001,
      0.001,
      0.001,
      0.001,
      0.001,
      0.001,
      0.001,
      0.001,
      0.001,
      0.001,
      0.001,
      0.001,
      0.001,
      0.001,
      0.001,
      0.001,
      0.001,
      0.0005,
      0.0005,
      0.0005,
      0.0005
    ]
  },
  "test_metrics": {
    "loss": 0.5189613830752489,
    "accuracy": 0.8163109756097561,
    "class_accuracy": {
      "0": 0.013043478260869565,
      "1": 0.9870609981515711
    },
    "n_samples": 1312,
    "precision": 0.8247104247104247,
    "recall": 0.9870609981515711,
    "f1": 0.8986116954143877
  },
  "timestamp": "20251208_134614"
}