{
  "train_history": {
    "train_loss": [
      3.0204495341807727,
      1.9132466318417793,
      1.612199363987815,
      1.4718349610911254,
      1.3318464550413347,
      1.1945056918774688,
      1.140133701453149,
      1.0363469083413919,
      0.9739520537055187,
      0.9594931956215383,
      0.9209204284017555,
      0.915776500497403,
      0.8604207046211514,
      0.861496562306851,
      0.8390469904474633,
      0.8046343136631794,
      0.8053108818311572,
      0.7732729932852869,
      0.7792325311874246,
      0.7706513097046809,
      0.7581499070552602,
      0.7326304998906586,
      0.726480925611871,
      0.7285769963588675,
      0.7176590904281728,
      0.7147083303195163,
      0.7050466010111646,
      0.6958678642152244,
      0.6831023624676541,
      0.6819006578144169,
      0.6863411745366691,
      0.6697933892226119,
      0.6841130361896179,
      0.6633276123132665,
      0.6594072227098952,
      0.6607348632114203,
      0.6527882080172894,
      0.645793771175161,
      0.6530628842689004
    ],
    "train_accuracy": [
      0.4020083682008368,
      0.55581589958159,
      0.6127196652719665,
      0.6363179916317991,
      0.6468619246861924,
      0.6558995815899582,
      0.6592468619246862,
      0.6828451882845188,
      0.6890376569037657,
      0.6860251046025104,
      0.695397489539749,
      0.6910460251046026,
      0.7126359832635983,
      0.7062761506276151,
      0.7139748953974896,
      0.7144769874476987,
      0.7218410041841005,
      0.7194979079497908,
      0.7261924686192469,
      0.7278661087866108,
      0.7305439330543934,
      0.7290376569037657,
      0.7302092050209205,
      0.7342259414225941,
      0.7390794979079498,
      0.7355648535564854,
      0.7374058577405858,
      0.7414225941422594,
      0.7472803347280335,
      0.7441004184100418,
      0.7442677824267783,
      0.7464435146443514,
      0.7506276150627615,
      0.7474476987447699,
      0.7523012552301255,
      0.7496234309623431,
      0.7464435146443514,
      0.7536401673640167,
      0.7559832635983263
    ],
    "val_loss": [
      1.5786475926637649,
      1.9330723226070403,
      1.864720492064953,
      1.7707257881760596,
      1.6975853353738786,
      1.6424479603767395,
      1.6502135872840882,
      1.6038943856954575,
      1.5789553686976432,
      1.5502577424049377,
      1.5205927968025208,
      1.5005557805299758,
      1.4809991896152497,
      1.4692164272069932,
      1.4322689846158028,
      1.4058589592576027,
      1.372390666604042,
      1.324671670794487,
      1.3357368230819702,
      1.333054095506668,
      1.3272293657064438,
      1.314823354780674,
      1.3241661503911017,
      1.2889147371053695,
      1.2696286037564277,
      1.2793634623289107,
      1.2528043597936631,
      1.2565686866641044,
      1.2377412170171738,
      1.242400686442852,
      1.2625833198428154,
      1.2498034074902535,
      1.2543716967105865,
      1.2539898201823234,
      1.2401579901576043,
      1.2495550379157065,
      1.2519696235656739,
      1.2577247768640518,
      1.2440159648656846
    ],
    "val_accuracy": [
      0.5296875,
      0.61953125,
      0.62109375,
      0.5984375,
      0.621875,
      0.60546875,
      0.60625,
      0.61171875,
      0.61640625,
      0.61953125,
      0.615625,
      0.61875,
      0.6171875,
      0.61640625,
      0.621875,
      0.6203125,
      0.62265625,
      0.61796875,
      0.6171875,
      0.6125,
      0.609375,
      0.60703125,
      0.59921875,
      0.60234375,
      0.59765625,
      0.59921875,
      0.59375,
      0.5953125,
      0.58359375,
      0.57890625,
      0.578125,
      0.57578125,
      0.57890625,
      0.571875,
      0.575,
      0.565625,
      0.55703125,
      0.56015625,
      0.5609375
    ],
    "lr": [
      0.001,
      0.001,
      0.001,
      0.001,
      0.001,
      0.001,
      0.001,
      0.0005,
      0.0005,
      0.0005,
      0.0005,
      0.0005,
      0.0005,
      0.0005,
      0.0005,
      0.0005,
      0.0005,
      0.0005,
      0.0005,
      0.0005,
      0.0005,
      0.0005,
      0.0005,
      0.0005,
      0.0005,
      0.0005,
      0.0005,
      0.0005,
      0.0005,
      0.0005,
      0.0005,
      0.0005,
      0.0005,
      0.0005,
      0.0005,
      0.00025,
      0.00025,
      0.00025,
      0.00025
    ]
  },
  "test_metrics": {
    "loss": 1.1755102710924885,
    "accuracy": 0.4879000780640125,
    "class_accuracy": {
      "0": 0.6320093457943925,
      "1": 0.0,
      "2": 0.48
    },
    "n_samples": 1281,
    "confusion_matrix": [
      [
        541,
        0,
        315
      ],
      [
        138,
        0,
        112
      ],
      [
        91,
        0,
        84
      ]
    ]
  },
  "regime_distribution": {
    "train": {
      "0.0": 4384,
      "2.0": 831,
      "1.0": 760
    },
    "val": {
      "0.0": 820,
      "2.0": 250,
      "1.0": 210
    },
    "test": {
      "0.0": 856,
      "1.0": 250,
      "2.0": 175
    }
  },
  "timestamp": "20251208_131851"
}