{
  "train_history": {
    "train_loss": [
      3.0202713521233555,
      2.5709873096434364,
      2.3027845566952987,
      2.2019805054915578,
      1.9711420294980924,
      1.840524128005115,
      1.7988807558022708,
      1.6756111992363123,
      1.6394410665675874,
      1.5315312468774431,
      1.5016211861058286,
      1.4507494898714186,
      1.3887238507125517,
      1.316144614800852,
      1.2506504522466264,
      1.1968432488533929,
      1.1821258198191253,
      1.1369955202218898,
      1.0862809039879373,
      1.09069478439162,
      1.0544419833497658,
      1.029226099123915,
      1.0172942997676184,
      1.011694612925733,
      0.9850949466393595,
      0.9751057965603561,
      0.9623176375914809,
      0.8944423938722161,
      0.9149103692363834
    ],
    "train_accuracy": [
      0.3673130193905817,
      0.4099722991689751,
      0.4249307479224377,
      0.44265927977839337,
      0.4703601108033241,
      0.48753462603878117,
      0.481994459833795,
      0.48975069252077563,
      0.48476454293628807,
      0.49418282548476455,
      0.5052631578947369,
      0.5124653739612188,
      0.5058171745152354,
      0.5213296398891967,
      0.5340720221606648,
      0.535180055401662,
      0.5362880886426593,
      0.5490304709141274,
      0.5523545706371191,
      0.5462603878116343,
      0.5745152354570637,
      0.5767313019390582,
      0.5767313019390582,
      0.5833795013850416,
      0.5839335180055402,
      0.5872576177285319,
      0.5916897506925207,
      0.6105263157894737,
      0.6177285318559557
    ],
    "val_loss": [
      1.546630180988115,
      1.501376923826552,
      1.4608457309683573,
      1.4206015977662863,
      1.4987121021624692,
      1.5679122885477912,
      1.5424595186390828,
      1.524348107809873,
      1.4307331338371199,
      1.2959360265240227,
      1.3083610215137915,
      1.31663163912665,
      1.2785062863654697,
      1.230488546115836,
      1.2720065927997077,
      1.2312854909405266,
      1.2835543057353227,
      1.2373817851862956,
      1.1931016789269202,
      1.2265719654633827,
      1.2489208609787459,
      1.2183357747559695,
      1.2547094256607527,
      1.2261477094335653,
      1.2203038894024092,
      1.2268274985637861,
      1.2588337549229258,
      1.2497748959924757,
      1.2597670800907095
    ],
    "val_accuracy": [
      0.3917525773195876,
      0.42783505154639173,
      0.4381443298969072,
      0.4639175257731959,
      0.4639175257731959,
      0.46649484536082475,
      0.4536082474226804,
      0.4690721649484536,
      0.44587628865979384,
      0.4536082474226804,
      0.45103092783505155,
      0.44072164948453607,
      0.4536082474226804,
      0.4690721649484536,
      0.4536082474226804,
      0.43556701030927836,
      0.43041237113402064,
      0.44329896907216493,
      0.4484536082474227,
      0.43556701030927836,
      0.42010309278350516,
      0.422680412371134,
      0.42783505154639173,
      0.44072164948453607,
      0.44072164948453607,
      0.422680412371134,
      0.4252577319587629,
      0.42010309278350516,
      0.41494845360824745
    ],
    "lr": [
      0.001,
      0.001,
      0.001,
      0.001,
      0.001,
      0.001,
      0.001,
      0.001,
      0.001,
      0.001,
      0.001,
      0.001,
      0.001,
      0.001,
      0.001,
      0.001,
      0.001,
      0.001,
      0.001,
      0.001,
      0.001,
      0.001,
      0.001,
      0.001,
      0.001,
      0.0005,
      0.0005,
      0.0005,
      0.0005
    ]
  },
  "test_metrics": {
    "loss": 1.5253708661372656,
    "accuracy": 0.34366925064599485,
    "class_accuracy": {
      "0": 0.16216216216216217,
      "1": 0.13114754098360656,
      "2": 0.7461538461538462
    },
    "n_samples": 387,
    "confusion_matrix": [
      [
        12,
        8,
        54
      ],
      [
        32,
        24,
        127
      ],
      [
        16,
        17,
        97
      ]
    ]
  },
  "regime_distribution": {
    "train": {
      "1.0": 763,
      "2.0": 722,
      "0.0": 320
    },
    "val": {
      "1.0": 168,
      "2.0": 146,
      "0.0": 74
    },
    "test": {
      "1.0": 183,
      "2.0": 130,
      "0.0": 74
    }
  },
  "timestamp": "20251208_131719"
}