{
  "train_history": {
    "train_loss": [
      2.317575798110244,
      1.7661746726367504,
      1.536071383089088,
      1.4258849603499597,
      1.2770098000641839,
      1.2141080708005394,
      1.1483325409834113,
      1.108018572582001,
      1.0865922795283591,
      1.0575566008399182,
      1.0296219774494673,
      1.0025374627908465,
      0.9875804304053174,
      0.991924072376706,
      0.9629220661007769,
      0.9563275966113681,
      0.9218439774995829,
      0.9252493993488499,
      0.91518875254407,
      0.9101573682095089
    ],
    "train_accuracy": [
      0.39012712563975566,
      0.45864289252105,
      0.4878652798415057,
      0.5018986296846624,
      0.5182433547961037,
      0.5372296516427274,
      0.5509328050189863,
      0.5512630014858841,
      0.558197127290738,
      0.5735512630014858,
      0.5842826481756646,
      0.58345715700842,
      0.5923724616146607,
      0.5928677563150074,
      0.595179131583292,
      0.6022783556215948,
      0.6169720983985472,
      0.6182928842661384,
      0.6194485719002807,
      0.6242364206702988
    ],
    "val_loss": [
      0.6726139366385657,
      0.5557163135795775,
      0.47265269994471676,
      0.4358836545591718,
      0.44398532596449775,
      0.41189902686501045,
      0.4143118242172091,
      0.4121154727850494,
      0.4140222382936942,
      0.4087056325280749,
      0.420359518378973,
      0.4210040401810858,
      0.4312276284630842,
      0.43978564328699155,
      0.45404747503885684,
      0.462835788038001,
      0.46298895069098067,
      0.4840697256736285,
      0.4881499870486546,
      0.48631371555416536
    ],
    "val_accuracy": [
      0.6979969183359014,
      0.7519260400616333,
      0.7919876733436055,
      0.8212634822804314,
      0.8135593220338984,
      0.8420647149460708,
      0.8536209553158706,
      0.862095531587057,
      0.8682588597842835,
      0.864406779661017,
      0.8790446841294299,
      0.8813559322033898,
      0.8767334360554699,
      0.8744221879815101,
      0.8567026194144838,
      0.8574730354391371,
      0.8567026194144838,
      0.8489984591679507,
      0.8567026194144838,
      0.8382126348228043
    ],
    "lr": [
      0.001,
      0.001,
      0.001,
      0.001,
      0.001,
      0.001,
      0.001,
      0.001,
      0.001,
      0.001,
      0.001,
      0.001,
      0.001,
      0.001,
      0.001,
      0.001,
      0.0005,
      0.0005,
      0.0005,
      0.0005
    ]
  },
  "test_metrics": {
    "loss": 0.5821035337190966,
    "accuracy": 0.74884437596302,
    "class_accuracy": {
      "0": 0.9968701095461658,
      "1": 0.5122749590834698,
      "2": 0.7857142857142857,
      "3": 0.0
    },
    "n_samples": 1298
  },
  "timestamp": "20251208_133829"
}