{
  "train_history": {
    "train_loss": [
      2.422426539748667,
      0.41107023472204307,
      0.11552613013787291,
      0.06449654937686422,
      0.062047870090752154,
      0.055169753360286594,
      0.05174150625138621,
      0.04345881792336758,
      0.04170725469156495,
      0.04765252069135007,
      0.04512560718491356,
      0.04354744513611678,
      0.03785758014871247,
      0.038767961158577384
    ],
    "train_accuracy": [
      0.4987054085155351,
      0.8757192174913694,
      0.9700805523590333,
      0.9866225546605294,
      0.991800920598389,
      0.99295166858458,
      0.9938147295742232,
      0.9945339470655926,
      0.9951093210586881,
      0.9946777905638665,
      0.9953970080552359,
      0.995253164556962,
      0.9949654775604143,
      0.9956846950517837
    ],
    "val_loss": [
      0.3498692258692428,
      0.019347370243412536,
      0.010485608608855697,
      0.01012319776185807,
      0.011611569104809939,
      0.014071758293496732,
      0.014990779419113951,
      0.018320961566891947,
      0.017485721559996635,
      0.01974924409052204,
      0.021807954291150525,
      0.023666300448618716,
      0.023152685272171406,
      0.02504975830627474
    ],
    "val_accuracy": [
      0.8536912751677852,
      0.9986577181208054,
      0.9986577181208054,
      0.9986577181208054,
      0.9986577181208054,
      0.9986577181208054,
      0.9986577181208054,
      0.9986577181208054,
      0.9986577181208054,
      0.9986577181208054,
      0.9986577181208054,
      0.9986577181208054,
      0.9986577181208054,
      0.9986577181208054
    ],
    "lr": [
      0.001,
      0.001,
      0.001,
      0.001,
      0.001,
      0.001,
      0.001,
      0.001,
      0.001,
      0.001,
      0.0005,
      0.0005,
      0.0005,
      0.0005
    ]
  },
  "test_metrics": {
    "loss": 0.2826079555514371,
    "accuracy": 0.9805369127516779,
    "class_accuracy": {
      "0": 1.0,
      "1": 0.0,
      "2": 0.0
    },
    "n_samples": 1490,
    "confusion_matrix": [
      [
        1461,
        0,
        0
      ],
      [
        13,
        0,
        0
      ],
      [
        16,
        0,
        0
      ]
    ]
  },
  "regime_distribution": {
    "train": {
      "0.0": 6927,
      "2.0": 21,
      "1.0": 4
    },
    "val": {
      "0.0": 1488,
      "2.0": 2
    },
    "test": {
      "0.0": 1461,
      "2.0": 16,
      "1.0": 13
    }
  },
  "timestamp": "20251208_131836"
}