{
  "train_history": {
    "train_loss": [
      1.9650240091764681,
      1.501444107023241,
      1.3064685979673543,
      1.1037439309369899,
      1.0126831668699128,
      0.9332992082797222,
      0.8307549582076408,
      0.7672186726719462,
      0.728456389323369,
      0.6701560852456693,
      0.6478312640612559,
      0.6155541910771335,
      0.6051177305698239,
      0.6030921412472945,
      0.5846845314720168,
      0.5809490715767598,
      0.5720346013133375,
      0.5705324259019435,
      0.564612122601487,
      0.5604829646551988,
      0.5590618252949061,
      0.5543788784311736,
      0.5500051563531988,
      0.5461562906421451,
      0.5462548225173065,
      0.5489424819375768,
      0.5417830417576316
    ],
    "train_accuracy": [
      0.562929061784897,
      0.6224256292906178,
      0.6281464530892449,
      0.6457992808107225,
      0.6440013076168682,
      0.6516835567178817,
      0.6634521085322,
      0.6680287675711016,
      0.6726054266100032,
      0.6874795684864334,
      0.6912389669826741,
      0.7003922850604772,
      0.7052958483164433,
      0.7074207257273619,
      0.7144491663942465,
      0.7131415495259888,
      0.7160836874795685,
      0.7178816606734227,
      0.7213141549525989,
      0.7203334423014057,
      0.7240928407976462,
      0.7232755802549853,
      0.7240928407976462,
      0.7296502124877411,
      0.7316116377901275,
      0.7288329519450801,
      0.7327558025498528
    ],
    "val_loss": [
      0.8401702194155672,
      0.6964285810606612,
      0.6988468645730154,
      0.682513389761988,
      0.6411881406374509,
      0.6350385379827632,
      0.6480449017088983,
      0.6335823194931519,
      0.6247944359466558,
      0.6117619916194272,
      0.605432619355636,
      0.6135828574589425,
      0.6038757118898708,
      0.6026249374259437,
      0.5943328829597281,
      0.5950219766680837,
      0.5927468852447608,
      0.5979053662261555,
      0.6008557542237865,
      0.6043116551242104,
      0.6053581722904761,
      0.6042780852972507,
      0.6003837193995373,
      0.6026393716613543,
      0.6045116348452099,
      0.6055148692189237,
      0.606368531033249
    ],
    "val_accuracy": [
      0.6430205949656751,
      0.7086193745232647,
      0.6933638443935927,
      0.6674294431731502,
      0.7276887871853547,
      0.6979405034324943,
      0.6742944317315027,
      0.6956521739130435,
      0.6819221967963387,
      0.7093821510297483,
      0.7055682684973302,
      0.6979405034324943,
      0.7131960335621663,
      0.7185354691075515,
      0.7376048817696415,
      0.7337909992372235,
      0.7444698703279939,
      0.7269260106788711,
      0.7315026697177727,
      0.7009916094584286,
      0.7032799389778794,
      0.6979405034324943,
      0.7101449275362319,
      0.6971777269260107,
      0.7055682684973302,
      0.6987032799389779,
      0.6964149504195271
    ],
    "lr": [
      0.001,
      0.001,
      0.001,
      0.001,
      0.001,
      0.001,
      0.001,
      0.001,
      0.001,
      0.001,
      0.001,
      0.001,
      0.001,
      0.001,
      0.001,
      0.001,
      0.001,
      0.001,
      0.001,
      0.001,
      0.001,
      0.001,
      0.001,
      0.0005,
      0.0005,
      0.0005,
      0.0005
    ]
  },
  "test_metrics": {
    "loss": 0.6397043393879402,
    "accuracy": 0.6836890243902439,
    "class_accuracy": {
      "0": 0.05596107055961071,
      "1": 0.9700332963374029
    },
    "n_samples": 1312,
    "precision": 0.6925515055467512,
    "recall": 0.9700332963374029,
    "f1": 0.8081368469717983
  },
  "timestamp": "20251208_134604"
}