{
  "train_history": {
    "train_loss": [
      2.722745344931059,
      0.8480361239549224,
      0.5711559936334364,
      0.495123382463143,
      0.47918559779766734,
      0.4308000737420681,
      0.4456165238855593,
      0.40777465723809264,
      0.3936817559094854,
      0.39187390335048916,
      0.3704002594771157
    ],
    "train_accuracy": [
      0.4589752176825184,
      0.7844943067649028,
      0.8916610850636303,
      0.9216342933690556,
      0.9290020093770931,
      0.9333556597454788,
      0.9338580040187542,
      0.9370395177494977,
      0.9373744139316812,
      0.9377093101138647,
      0.9410582719356999
    ],
    "val_loss": [
      0.26609868425875904,
      0.30422310417052356,
      0.3413500864349771,
      0.3965474015691143,
      0.40709578143723774,
      0.40330066511669427,
      0.3620054211176466,
      0.36840470363677014,
      0.3784629732079338,
      0.3803416759532411,
      0.36787795047275723
    ],
    "val_accuracy": [
      0.95234375,
      0.95234375,
      0.95234375,
      0.95234375,
      0.95234375,
      0.95234375,
      0.95234375,
      0.95234375,
      0.95234375,
      0.95234375,
      0.95234375
    ],
    "lr": [
      0.001,
      0.001,
      0.001,
      0.001,
      0.001,
      0.001,
      0.001,
      0.0005,
      0.0005,
      0.0005,
      0.0005
    ]
  },
  "test_metrics": {
    "loss": 0.3771666529588401,
    "accuracy": 0.92265625,
    "class_accuracy": {
      "0": 0.9974662162162162,
      "1": 0.0,
      "2": 0.0
    },
    "n_samples": 1280,
    "confusion_matrix": [
      [
        1181,
        0,
        3
      ],
      [
        36,
        0,
        0
      ],
      [
        60,
        0,
        0
      ]
    ]
  },
  "regime_distribution": {
    "train": {
      "0.0": 5657,
      "2.0": 167,
      "1.0": 148
    },
    "val": {
      "0.0": 1219,
      "1.0": 33,
      "2.0": 28
    },
    "test": {
      "0.0": 1184,
      "2.0": 60,
      "1.0": 36
    }
  },
  "timestamp": "20251208_131815"
}