{
  "train_history": {
    "train_loss": [
      2.3634695908762313,
      1.7679307524158514,
      1.5359411535433107,
      1.4047540838084285,
      1.2647371742125881,
      1.1839199001017195,
      1.1494890483216482,
      1.0941499226829765,
      1.0388954612353425,
      1.0157246294540403,
      0.9940652958882688,
      0.9740461845572719,
      0.9374158774859759,
      0.9414822815156167,
      0.9260373361948715,
      0.9015492408094931,
      0.8969505220646706,
      0.8857601969789628,
      0.8820750956411741,
      0.8763313337050985,
      0.8631019149949217,
      0.8587150513161443,
      0.8516438607288229,
      0.8435936032180761,
      0.8356284265158416,
      0.8282309453617686,
      0.8270168357877934,
      0.8095426976247768,
      0.8157249688413329,
      0.8068503050574262,
      0.7947876925355868,
      0.7999465824039498,
      0.7818040550788362,
      0.7791067099480694,
      0.7777764735313184,
      0.770755281257653,
      0.7649867831922629,
      0.7544367823768847,
      0.7494460754324073,
      0.7586119586934897,
      0.7471760518434359,
      0.7503251798607167,
      0.7382670054247578,
      0.7460004512343014,
      0.7448586232398079,
      0.7364196619844602,
      0.7270455883835258,
      0.7251886932570804,
      0.7205617138905279,
      0.7082672686796879,
      0.7104979454142555,
      0.7023369109294035
    ],
    "train_accuracy": [
      0.3959055638104672,
      0.4579824995872544,
      0.4949645038798085,
      0.5101535413571074,
      0.5156017830609212,
      0.5380551428099719,
      0.5355786693082384,
      0.5444939739144791,
      0.5685983159980188,
      0.5768532276704639,
      0.5738814594683836,
      0.5778438170711573,
      0.5938583457157008,
      0.5961697209839855,
      0.5981508997853723,
      0.6024434538550437,
      0.6108634637609378,
      0.6103681690605911,
      0.6159815089978538,
      0.6126795443288757,
      0.6265477959385835,
      0.6265477959385835,
      0.629024269440317,
      0.6354631005448241,
      0.640911342248638,
      0.635628198778273,
      0.6506521380221232,
      0.6523031203566122,
      0.6490011556876342,
      0.6534588079907545,
      0.6595674426283639,
      0.6595674426283639,
      0.6658411754994221,
      0.6688129437015023,
      0.6719498101370316,
      0.66765725606736,
      0.6805349182763745,
      0.6802047218094767,
      0.6854878652798415,
      0.6831764900115569,
      0.6939078751857355,
      0.6843321776456992,
      0.6935776787188377,
      0.6958890539871223,
      0.6960541522205712,
      0.6972098398547135,
      0.7038137691926697,
      0.7011721974574872,
      0.70827142149579,
      0.719993396070662,
      0.7176820208023774,
      0.7231302625061912
    ],
    "val_loss": [
      0.9413853472296739,
      0.7818615203278457,
      0.7913072085343817,
      0.7150800709364411,
      0.5926353798257918,
      0.5588089676777644,
      0.5447334379922076,
      0.5297728565698044,
      0.514199050990018,
      0.4918564394552645,
      0.5003997971905031,
      0.4802575976069793,
      0.4699108698886054,
      0.4685197067554633,
      0.4598547585756275,
      0.4526691829845975,
      0.4411931465880713,
      0.4413033605815817,
      0.45431880471519037,
      0.44052678975743026,
      0.42970692105763497,
      0.4285913378413543,
      0.4384647020481768,
      0.4292717798281524,
      0.42867483765759345,
      0.42610748284403094,
      0.4226913113256081,
      0.4153966588213558,
      0.4168756921045218,
      0.4009694816151459,
      0.41415285200844926,
      0.4060623025398225,
      0.4046398071552094,
      0.40238686133239226,
      0.40690351767789784,
      0.40061558982807977,
      0.40970087579475895,
      0.40183768158517374,
      0.40168183527668744,
      0.39431373331873737,
      0.39073917145721715,
      0.38019236531940925,
      0.380967873132835,
      0.38254936762693664,
      0.3894199715648851,
      0.3937988040627243,
      0.3918033619691117,
      0.4040154635630697,
      0.40514986265238334,
      0.41287516018458986,
      0.41623365461183437,
      0.4261960069460935
    ],
    "val_accuracy": [
      0.5847457627118644,
      0.6571648690292758,
      0.6456086286594761,
      0.6694915254237288,
      0.7149460708782742,
      0.7457627118644068,
      0.7611710323574731,
      0.7919876733436055,
      0.8058551617873652,
      0.8505392912172574,
      0.849768875192604,
      0.864406779661017,
      0.8574730354391371,
      0.8597842835130971,
      0.8782742681047766,
      0.8798151001540832,
      0.886748844375963,
      0.8790446841294299,
      0.8636363636363636,
      0.8659476117103235,
      0.8690292758089369,
      0.8613251155624037,
      0.8520801232665639,
      0.8459167950693375,
      0.8459167950693375,
      0.8582434514637904,
      0.8420647149460708,
      0.8412942989214176,
      0.8397534668721109,
      0.8613251155624037,
      0.8459167950693375,
      0.8466872110939908,
      0.8297380585516179,
      0.8428351309707242,
      0.8428351309707242,
      0.8443759630200308,
      0.8305084745762712,
      0.8197226502311248,
      0.8297380585516179,
      0.8359013867488444,
      0.8359013867488444,
      0.847457627118644,
      0.8443759630200308,
      0.8428351309707242,
      0.8412942989214176,
      0.8235747303543913,
      0.827426810477658,
      0.8112480739599384,
      0.8081664098613252,
      0.7996918335901386,
      0.7996918335901386,
      0.7950693374422187
    ],
    "lr": [
      0.001,
      0.001,
      0.001,
      0.001,
      0.001,
      0.001,
      0.001,
      0.001,
      0.001,
      0.001,
      0.001,
      0.001,
      0.001,
      0.001,
      0.001,
      0.001,
      0.001,
      0.001,
      0.001,
      0.001,
      0.001,
      0.001,
      0.001,
      0.001,
      0.001,
      0.001,
      0.001,
      0.001,
      0.001,
      0.001,
      0.001,
      0.001,
      0.001,
      0.001,
      0.001,
      0.001,
      0.001,
      0.001,
      0.001,
      0.001,
      0.001,
      0.001,
      0.001,
      0.001,
      0.001,
      0.001,
      0.001,
      0.001,
      0.0005,
      0.0005,
      0.0005,
      0.0005
    ]
  },
  "test_metrics": {
    "loss": 0.3996445224354925,
    "accuracy": 0.8297380585516179,
    "class_accuracy": {
      "0": 0.7261538461538461,
      "1": 0.9292517006802721,
      "2": 0.6638655462184874,
      "3": 0.0
    },
    "n_samples": 1298
  },
  "timestamp": "20251208_133742"
}