{
  "train_history": {
    "train_loss": [
      1.9196276396620153,
      1.5041984797069627,
      1.2768796973853533,
      1.1344141630067979,
      0.9994193203272326,
      0.9218065736339778,
      0.8268962694017199,
      0.7635042168962367,
      0.7249347725581717,
      0.6683613260652006,
      0.6423171397594503,
      0.6307193405607161,
      0.6098121926456388,
      0.6011263861808951,
      0.5852603782778201,
      0.5756534233752635,
      0.5758402363932106,
      0.569954950714392,
      0.5647602888952482
    ],
    "train_accuracy": [
      0.5714285714285714,
      0.6263484798953907,
      0.6410591696632887,
      0.6400784570120954,
      0.6542987904543969,
      0.6526642693690748,
      0.6662307943772474,
      0.6786531546256946,
      0.6891140895717555,
      0.6963059823471722,
      0.7041516835567179,
      0.7128146453089245,
      0.7137953579601177,
      0.7201699901928735,
      0.7299771167048055,
      0.7306309251389342,
      0.7249101013403073,
      0.7307943772474665,
      0.7329192546583851
    ],
    "val_loss": [
      0.7946030162473747,
      0.6751502002585853,
      0.6305001426252311,
      0.6018583118506373,
      0.5648177138591522,
      0.5457281354817609,
      0.5317692445217427,
      0.531043149195583,
      0.5236586122272762,
      0.5288782138391636,
      0.5259258148781131,
      0.5276775419211951,
      0.5288123083332856,
      0.5279836949276433,
      0.5311367002995664,
      0.5348149319808052,
      0.5358814443003395,
      0.5363754703742143,
      0.5353617112114628
    ],
    "val_accuracy": [
      0.7276887871853547,
      0.7635392829900839,
      0.7719298245614035,
      0.7971014492753623,
      0.7887109077040427,
      0.7818459191456903,
      0.7917620137299771,
      0.7971014492753623,
      0.7955758962623951,
      0.7978642257818459,
      0.7917620137299771,
      0.7978642257818459,
      0.7963386727688787,
      0.7978642257818459,
      0.7971014492753623,
      0.7971014492753623,
      0.7955758962623951,
      0.7948131197559115,
      0.7955758962623951
    ],
    "lr": [
      0.001,
      0.001,
      0.001,
      0.001,
      0.001,
      0.001,
      0.001,
      0.001,
      0.001,
      0.001,
      0.001,
      0.001,
      0.001,
      0.001,
      0.001,
      0.0005,
      0.0005,
      0.0005,
      0.0005
    ]
  },
  "test_metrics": {
    "loss": 0.5618564741335054,
    "accuracy": 0.7635392829900839,
    "class_accuracy": {
      "0": 0.006493506493506494,
      "1": 0.996011964107677
    },
    "n_samples": 1311,
    "precision": 0.7655172413793103,
    "recall": 0.996011964107677,
    "f1": 0.865684575389948
  },
  "timestamp": "20251208_134546"
}