{
  "train_history": {
    "train_loss": [
      2.89371256785206,
      1.5977447671278848,
      1.328747214393389,
      1.1397555098112186,
      0.9916631407988363,
      0.930864749119,
      0.8380558928658741,
      0.8039234673394221,
      0.7288541652843391,
      0.7133349122203311,
      0.6943242861438763,
      0.6631754166432595,
      0.652833627824365,
      0.6214895947924577,
      0.6222181131917974,
      0.6047107801315256,
      0.582206608885341,
      0.5823787648940429,
      0.5771612448110842,
      0.5604153707009876,
      0.5567406108088425,
      0.5515448911496537,
      0.542279018135944
    ],
    "train_accuracy": [
      0.4101104787412119,
      0.6076330766655507,
      0.6757616337462337,
      0.697689989956478,
      0.7140944091061265,
      0.7304988282557751,
      0.7437227987947773,
      0.749079343823234,
      0.7639772346836291,
      0.7634750585872112,
      0.7736859725477068,
      0.7743555406762638,
      0.7770338131904921,
      0.7797120857047205,
      0.7847338466688986,
      0.7854034147974557,
      0.7885838634081018,
      0.7905925677937731,
      0.7934382323401407,
      0.7931034482758621,
      0.794944760629394,
      0.7974556411114831,
      0.7982926012721795
    ],
    "val_loss": [
      0.9637140855193138,
      0.9649206899106503,
      1.066305834800005,
      0.9974858112633228,
      0.9627492092549801,
      0.9364216279238462,
      0.9428672745823861,
      0.8983182102441788,
      0.856830932945013,
      0.8618166081607341,
      0.8255821719765664,
      0.8339538805186748,
      0.8106162630021572,
      0.8120671518146991,
      0.8260225906968117,
      0.8270205155014991,
      0.8332331247627736,
      0.8453144170343876,
      0.8658129923045635,
      0.8611618652939796,
      0.886049146950245,
      0.8832991898059845,
      0.899529130756855
    ],
    "val_accuracy": [
      0.63359375,
      0.74609375,
      0.74140625,
      0.76328125,
      0.76015625,
      0.765625,
      0.76171875,
      0.7625,
      0.7609375,
      0.76171875,
      0.7609375,
      0.7640625,
      0.76015625,
      0.76015625,
      0.753125,
      0.7421875,
      0.73515625,
      0.73671875,
      0.73359375,
      0.72890625,
      0.7265625,
      0.72734375,
      0.72265625
    ],
    "lr": [
      0.001,
      0.001,
      0.001,
      0.001,
      0.001,
      0.001,
      0.001,
      0.001,
      0.001,
      0.001,
      0.001,
      0.001,
      0.001,
      0.001,
      0.001,
      0.001,
      0.001,
      0.001,
      0.001,
      0.0005,
      0.0005,
      0.0005,
      0.0005
    ]
  },
  "test_metrics": {
    "loss": 1.3090694406644894,
    "accuracy": 0.7064793130366901,
    "class_accuracy": {
      "0": 0.991130820399113,
      "1": 0.052884615384615384,
      "2": 0.0
    },
    "n_samples": 1281,
    "confusion_matrix": [
      [
        894,
        3,
        5
      ],
      [
        197,
        11,
        0
      ],
      [
        166,
        5,
        0
      ]
    ]
  },
  "regime_distribution": {
    "train": {
      "0.0": 4634,
      "2.0": 708,
      "1.0": 632
    },
    "val": {
      "0.0": 979,
      "2.0": 194,
      "1.0": 107
    },
    "test": {
      "0.0": 902,
      "1.0": 208,
      "2.0": 171
    }
  },
  "timestamp": "20251208_131546"
}