{
  "train_history": {
    "train_loss": [
      2.811397442705867,
      0.9827081582853742,
      0.6051517787790378,
      0.5369648080256766,
      0.49712861138871767,
      0.472885940850118,
      0.4534174954671556,
      0.4388724944549589,
      0.40089723187275667,
      0.3588019468951065,
      0.3911454949546699,
      0.36846183265373733
    ],
    "train_accuracy": [
      0.4380234505862647,
      0.766499162479062,
      0.8824120603015075,
      0.9212730318257957,
      0.9252931323283082,
      0.9324958123953099,
      0.935678391959799,
      0.9363484087102177,
      0.9360134003350083,
      0.9391959798994974,
      0.9366834170854271,
      0.9403685092127303
    ],
    "val_loss": [
      0.8084711661391933,
      0.40963964049207036,
      0.5242353067512168,
      0.5717093859544531,
      0.6415254250114188,
      0.6668633305577072,
      0.6217204019308245,
      0.5950145780446009,
      0.6473557273189204,
      0.6205707010215963,
      0.6242261550933897,
      0.5901836865178168
    ],
    "val_accuracy": [
      0.8146989835809226,
      0.9304143862392494,
      0.9304143862392494,
      0.9304143862392494,
      0.9304143862392494,
      0.9304143862392494,
      0.9304143862392494,
      0.9304143862392494,
      0.9304143862392494,
      0.9304143862392494,
      0.9304143862392494,
      0.9304143862392494
    ],
    "lr": [
      0.001,
      0.001,
      0.001,
      0.001,
      0.001,
      0.001,
      0.001,
      0.001,
      0.0005,
      0.0005,
      0.0005,
      0.0005
    ]
  },
  "test_metrics": {
    "loss": 0.3982703722082078,
    "accuracy": 0.92578125,
    "class_accuracy": {
      "0": 1.0,
      "1": 0.0,
      "2": 0.0
    },
    "n_samples": 1280,
    "confusion_matrix": [
      [
        1185,
        0,
        0
      ],
      [
        36,
        0,
        0
      ],
      [
        59,
        0,
        0
      ]
    ]
  },
  "regime_distribution": {
    "train": {
      "0.0": 5646,
      "2.0": 197,
      "1.0": 127
    },
    "val": {
      "0.0": 1190,
      "1.0": 66,
      "2.0": 23
    },
    "test": {
      "0.0": 1185,
      "2.0": 59,
      "1.0": 36
    }
  },
  "timestamp": "20251208_131937"
}