{
  "train_history": {
    "train_loss": [
      2.7054299404123086,
      2.0487365557813066,
      1.7625428184102119,
      1.5398018946831582,
      1.3767616682171082,
      1.2761506885046583,
      1.1742172863756999,
      1.1067852768176285,
      1.0568053651456157,
      1.0283357458942348,
      0.9920320925894965,
      0.9680260451411297,
      0.9676104287923493,
      0.967176878343185,
      0.9522987041609005
    ],
    "train_accuracy": [
      0.38329519450800914,
      0.424812030075188,
      0.4405034324942792,
      0.449329846355018,
      0.4658385093167702,
      0.46600196142530237,
      0.47793396534815297,
      0.4995096436744034,
      0.5053939195815627,
      0.5238640078457012,
      0.5372670807453416,
      0.5444589735207584,
      0.5527950310559007,
      0.5511605099705786,
      0.5673422687152664
    ],
    "val_loss": [
      2.218825870756881,
      1.9600235086465774,
      1.932522717911628,
      1.8377014868683164,
      1.8056755038638954,
      1.8724728207111723,
      1.9856825247691117,
      1.8864339196345534,
      2.0200665331723395,
      2.3660158765488775,
      2.4302258356939648,
      2.501227591621521,
      2.6845977941057684,
      2.6943238594439265,
      2.7425512925620117
    ],
    "val_accuracy": [
      0.3684210526315789,
      0.37681159420289856,
      0.391304347826087,
      0.38520213577421814,
      0.38215102974828374,
      0.37909992372234935,
      0.37986270022883295,
      0.37681159420289856,
      0.37833714721586575,
      0.37528604118993136,
      0.37376048817696417,
      0.37452326468344777,
      0.3707093821510298,
      0.37604881769641496,
      0.3699466056445461
    ],
    "lr": [
      0.001,
      0.001,
      0.001,
      0.001,
      0.001,
      0.001,
      0.001,
      0.001,
      0.001,
      0.001,
      0.001,
      0.0005,
      0.0005,
      0.0005,
      0.0005
    ]
  },
  "test_metrics": {
    "loss": 2.5203776417708976,
    "accuracy": 0.3940548780487805,
    "class_accuracy": {
      "0": 0.007326007326007326,
      "1": 0.12075471698113208,
      "2": 0.8860510805500982
    },
    "n_samples": 1312,
    "confusion_matrix": [
      [
        2,
        23,
        248
      ],
      [
        11,
        64,
        455
      ],
      [
        6,
        52,
        451
      ]
    ]
  },
  "regime_distribution": {
    "train": {
      "2.0": 2688,
      "1.0": 2357,
      "0.0": 1073
    },
    "val": {
      "1.0": 571,
      "2.0": 480,
      "0.0": 260
    },
    "test": {
      "1.0": 530,
      "2.0": 509,
      "0.0": 273
    }
  },
  "timestamp": "20251208_131742"
}