{
  "train_history": {
    "train_loss": [
      3.06108494214404,
      2.3993612068841994,
      2.320728811167614,
      2.205300844409129,
      2.1098534430823497,
      1.887437150881231,
      1.7692906108919604,
      1.685066515851219,
      1.6549434379197223,
      1.5851301300228469,
      1.5124199566088226,
      1.4913129998045944
    ],
    "train_accuracy": [
      0.3606648199445983,
      0.4155124653739612,
      0.41440443213296396,
      0.43047091412742383,
      0.43988919667590026,
      0.46094182825484764,
      0.47977839335180056,
      0.4703601108033241,
      0.47257617728531853,
      0.47202216066481995,
      0.4886426592797784,
      0.496398891966759
    ],
    "val_loss": [
      2.535126381313678,
      2.109840082139084,
      2.6442481758668253,
      2.6051608999979865,
      2.9853250697715996,
      3.4170048777590094,
      3.767711044586811,
      3.4696344223219096,
      3.4297080875672017,
      3.4777577685326646,
      3.5559340137796305,
      3.639200552222655
    ],
    "val_accuracy": [
      0.34536082474226804,
      0.3118556701030928,
      0.3427835051546392,
      0.3556701030927835,
      0.3582474226804124,
      0.3556701030927835,
      0.3865979381443299,
      0.36855670103092786,
      0.3711340206185567,
      0.37371134020618557,
      0.3711340206185567,
      0.3788659793814433
    ],
    "lr": [
      0.001,
      0.001,
      0.001,
      0.001,
      0.001,
      0.001,
      0.001,
      0.001,
      0.0005,
      0.0005,
      0.0005,
      0.0005
    ]
  },
  "test_metrics": {
    "loss": 4.068393709739666,
    "accuracy": 0.36175710594315247,
    "class_accuracy": {
      "0": 0.047619047619047616,
      "1": 0.0481283422459893,
      "2": 0.9343065693430657
    },
    "n_samples": 387,
    "confusion_matrix": [
      [
        3,
        6,
        54
      ],
      [
        6,
        9,
        172
      ],
      [
        3,
        6,
        128
      ]
    ]
  },
  "regime_distribution": {
    "train": {
      "2.0": 774,
      "1.0": 748,
      "0.0": 283
    },
    "val": {
      "1.0": 179,
      "2.0": 138,
      "0.0": 71
    },
    "test": {
      "1.0": 187,
      "2.0": 137,
      "0.0": 63
    }
  },
  "timestamp": "20251208_131831"
}