{
  "train_history": {
    "train_loss": [
      2.505975726721322,
      0.6889475075058948,
      0.41930464089053937,
      0.40640443005712534,
      0.36436967626637295,
      0.3676142810622741,
      0.3520950139705807,
      0.3391104359648544,
      0.32230252182961966,
      0.30500059412219305,
      0.28599383444888965,
      0.28027544499025464,
      0.2578374650744582,
      0.23451247403882236,
      0.23361105017854802,
      0.21224912718757097,
      0.2221573954666435,
      0.20330893466972147,
      0.20844891400385998
    ],
    "train_accuracy": [
      0.49057960592549976,
      0.827987918883935,
      0.9321156335394793,
      0.950812598878182,
      0.9577160937724724,
      0.958866676254854,
      0.9594419674960448,
      0.9591543218754495,
      0.9604487271681289,
      0.9610240184093197,
      0.9610240184093197,
      0.9611678412196174,
      0.9615993096505105,
      0.9634690061843808,
      0.9641881202358694,
      0.9643319430461671,
      0.9641881202358694,
      0.9643319430461671,
      0.963900474615274
    ],
    "val_loss": [
      0.186694963696419,
      0.1284223241881536,
      0.13342307265379136,
      0.12902704182880986,
      0.11474634794539447,
      0.10754664711378384,
      0.11278852580846506,
      0.10601104661258212,
      0.10155776561915268,
      0.11290858907936822,
      0.1290178204805359,
      0.1276242244562084,
      0.11943774963447812,
      0.12253362041798065,
      0.1190925818183553,
      0.11991642009304374,
      0.12239188027986944,
      0.12251037626696012,
      0.11431156492685812
    ],
    "val_accuracy": [
      0.978523489932886,
      0.9865771812080537,
      0.9865771812080537,
      0.9865771812080537,
      0.9865771812080537,
      0.9865771812080537,
      0.9865771812080537,
      0.9865771812080537,
      0.9865771812080537,
      0.9865771812080537,
      0.9865771812080537,
      0.9865771812080537,
      0.9865771812080537,
      0.9865771812080537,
      0.9865771812080537,
      0.9865771812080537,
      0.9865771812080537,
      0.9865771812080537,
      0.9865771812080537
    ],
    "lr": [
      0.001,
      0.001,
      0.001,
      0.001,
      0.001,
      0.001,
      0.001,
      0.001,
      0.001,
      0.001,
      0.001,
      0.001,
      0.001,
      0.001,
      0.001,
      0.0005,
      0.0005,
      0.0005,
      0.0005
    ]
  },
  "test_metrics": {
    "loss": 0.2523118249707687,
    "accuracy": 0.9932930918846412,
    "class_accuracy": {
      "0": 1.0,
      "1": 0.0,
      "2": 0.0
    },
    "n_samples": 1491,
    "confusion_matrix": [
      [
        1481,
        0,
        0
      ],
      [
        10,
        0,
        0
      ],
      [
        0,
        0,
        0
      ]
    ]
  },
  "regime_distribution": {
    "train": {
      "0.0": 6710,
      "2.0": 144,
      "1.0": 99
    },
    "val": {
      "0.0": 1470,
      "2.0": 15,
      "1.0": 5
    },
    "test": {
      "0.0": 1481,
      "1.0": 10
    }
  },
  "timestamp": "20251208_131726"
}