{
  "train_history": {
    "train_loss": [
      3.0690005160032565,
      2.11416663156132,
      1.7973796225408267,
      1.597590384971828,
      1.4034223282540728,
      1.292649868043881,
      1.181330336748576,
      1.0904354617313912,
      1.0200297320651337,
      0.9483521120341518,
      0.9118395602180281,
      0.8652333029944002,
      0.8677366219378652,
      0.8334552127460113,
      0.8103867013956497,
      0.7985605002447319,
      0.7897128933123374,
      0.7911510305197933,
      0.7767575307558083,
      0.7656285695140482,
      0.7654308872175807,
      0.7504141441467497,
      0.7418869997810911,
      0.7351409513135398,
      0.731296649715914,
      0.7203435964675344,
      0.725812361896497,
      0.7209112917973838,
      0.7018176913660508,
      0.6956544086950696,
      0.6933137375673084,
      0.6895440991881862
    ],
    "train_accuracy": [
      0.3948778038165383,
      0.5056913290927352,
      0.5418480080348176,
      0.5677937730164044,
      0.5798459993304319,
      0.586709072648142,
      0.5915634415801808,
      0.6091396049548041,
      0.6175092065617677,
      0.62387010378306,
      0.6429527954469367,
      0.6503180448610646,
      0.6550050217609642,
      0.6576832942751925,
      0.6673920321392701,
      0.6727485771677268,
      0.6787746903247406,
      0.6767659859390693,
      0.6814529628389688,
      0.686474723803147,
      0.686474723803147,
      0.6919986608637428,
      0.6899899564780716,
      0.6963508536993639,
      0.6953465015065283,
      0.7005356545028457,
      0.6971878138600602,
      0.7025443588885169,
      0.7125878808168731,
      0.7152661533311014,
      0.7089052561098091,
      0.7092400401740877
    ],
    "val_loss": [
      1.76654654443264,
      1.492355539649725,
      1.5003668274730444,
      1.5492305114865303,
      1.4874498546123505,
      1.4249191612005234,
      1.3780710145831108,
      1.2970646008849145,
      1.1740403383970262,
      1.1315148323774338,
      1.0789840266108512,
      1.0437089398503303,
      1.0135295122861863,
      0.9909155681729317,
      0.9865929290652276,
      0.9926052838563919,
      0.9787069886922837,
      0.9758068278431893,
      0.970851580798626,
      0.9673669427633286,
      0.9613177686929703,
      0.9609363794326782,
      0.9675109878182411,
      0.9726235628128052,
      0.9755964353680611,
      1.0106567323207856,
      0.9941423624753952,
      1.0318118005990982,
      1.0303373336791992,
      1.0384742230176927,
      1.071870008111,
      1.1079357981681823
    ],
    "val_accuracy": [
      0.51953125,
      0.5734375,
      0.60859375,
      0.61328125,
      0.6265625,
      0.63046875,
      0.62421875,
      0.61015625,
      0.61171875,
      0.621875,
      0.61171875,
      0.60390625,
      0.60234375,
      0.596875,
      0.61171875,
      0.61953125,
      0.61875,
      0.62578125,
      0.6234375,
      0.615625,
      0.6078125,
      0.59609375,
      0.5953125,
      0.58671875,
      0.59140625,
      0.55390625,
      0.58203125,
      0.540625,
      0.546875,
      0.55078125,
      0.5390625,
      0.5359375
    ],
    "lr": [
      0.001,
      0.001,
      0.001,
      0.001,
      0.001,
      0.001,
      0.001,
      0.001,
      0.001,
      0.001,
      0.001,
      0.001,
      0.001,
      0.001,
      0.001,
      0.001,
      0.001,
      0.001,
      0.001,
      0.001,
      0.001,
      0.001,
      0.001,
      0.001,
      0.001,
      0.001,
      0.001,
      0.001,
      0.0005,
      0.0005,
      0.0005,
      0.0005
    ]
  },
  "test_metrics": {
    "loss": 1.071963407235928,
    "accuracy": 0.5253708040593287,
    "class_accuracy": {
      "0": 0.8877005347593583,
      "1": 0.011111111111111112,
      "2": 0.022813688212927757
    },
    "n_samples": 1281,
    "confusion_matrix": [
      [
        664,
        0,
        84
      ],
      [
        252,
        3,
        15
      ],
      [
        257,
        0,
        6
      ]
    ]
  },
  "regime_distribution": {
    "train": {
      "0.0": 3992,
      "2.0": 1079,
      "1.0": 903
    },
    "val": {
      "0.0": 822,
      "2.0": 247,
      "1.0": 211
    },
    "test": {
      "0.0": 748,
      "1.0": 270,
      "2.0": 263
    }
  },
  "timestamp": "20251208_131643"
}