{
  "train_history": {
    "train_loss": [
      2.4605727047780688,
      0.4256136581394056,
      0.11549886482019561,
      0.07365540858182003,
      0.06474061194832531,
      0.06253152416833202,
      0.06211357185371672,
      0.05089230884308568,
      0.04924682159661759,
      0.04221607488898902,
      0.05377047905059099,
      0.04845298462942758,
      0.047690279714691204
    ],
    "train_accuracy": [
      0.4902695689779444,
      0.8729998558454664,
      0.9665561481908606,
      0.9851520830330114,
      0.9903416462447744,
      0.9920715006486954,
      0.9938013550526164,
      0.9938013550526164,
      0.9940896641199366,
      0.9942338186535966,
      0.9939455095862765,
      0.9943779731872567,
      0.9946662822545769
    ],
    "val_loss": [
      0.398223761694749,
      0.026240640039734975,
      0.020816817162020624,
      0.02512221148895928,
      0.03014154112439369,
      0.030949967717613196,
      0.034309052027602156,
      0.0350129132932399,
      0.03339670148478177,
      0.03268156228083737,
      0.03285652804407884,
      0.03258212857376178,
      0.032838203573390304
    ],
    "val_accuracy": [
      0.8990578734858681,
      0.9966352624495289,
      0.9966352624495289,
      0.9966352624495289,
      0.9966352624495289,
      0.9966352624495289,
      0.9966352624495289,
      0.9966352624495289,
      0.9966352624495289,
      0.9966352624495289,
      0.9966352624495289,
      0.9966352624495289,
      0.9966352624495289
    ],
    "lr": [
      0.001,
      0.001,
      0.001,
      0.001,
      0.001,
      0.001,
      0.001,
      0.001,
      0.001,
      0.0005,
      0.0005,
      0.0005,
      0.0005
    ]
  },
  "test_metrics": {
    "loss": 0.08775708409334801,
    "accuracy": 0.991930060524546,
    "class_accuracy": {
      "0": 1.0,
      "1": 0.0,
      "2": 0.0
    },
    "n_samples": 1487,
    "confusion_matrix": [
      [
        1475,
        0,
        0
      ],
      [
        1,
        0,
        0
      ],
      [
        11,
        0,
        0
      ]
    ]
  },
  "regime_distribution": {
    "train": {
      "0.0": 6906,
      "2.0": 22,
      "1.0": 9
    },
    "val": {
      "0.0": 1481,
      "2.0": 5
    },
    "test": {
      "0.0": 1475,
      "2.0": 11,
      "1.0": 1
    }
  },
  "timestamp": "20251208_131601"
}