{
  "train_history": {
    "train_loss": [
      2.4643079346855474,
      0.3723127048190518,
      0.09413743474440371,
      0.041196858419403015,
      0.03247896795954189,
      0.029210024441519537,
      0.02504676481352359,
      0.025435667088723697,
      0.01982236241699988,
      0.0231385512514038,
      0.021656716130193533,
      0.02002725950967935,
      0.016491132135941215,
      0.019375818875579234,
      0.019913802224940245,
      0.017359692109091926,
      0.022201005050753914,
      0.016313239009727525,
      0.01720300875288837,
      0.01792270047525899
    ],
    "train_accuracy": [
      0.49085146232531335,
      0.8812851174182394,
      0.9724823512462182,
      0.9906353551361475,
      0.9943812130816885,
      0.9955337847572396,
      0.9961100705950151,
      0.9963982135139029,
      0.9971185708111223,
      0.9972626422705662,
      0.9979829995677856,
      0.9969744993516785,
      0.9981270710272295,
      0.997550785189454,
      0.9976948566488979,
      0.9979829995677856,
      0.9981270710272295,
      0.9978389281083417,
      0.9979829995677856,
      0.9976948566488979
    ],
    "val_loss": [
      0.2022743402994673,
      0.004629846126709833,
      0.0003411822889836144,
      0.00011080709376281426,
      3.8167111207822664e-05,
      2.7600397600330603e-05,
      1.4610848787155193e-05,
      1.3245301044452082e-05,
      1.16286754132932e-05,
      8.76015887973006e-06,
      7.367291285014973e-06,
      8.233514876626412e-06,
      9.257263425821896e-06,
      9.812591146837363e-06,
      1.055555227138625e-05,
      1.078685515721641e-05,
      1.3429435175989075e-05,
      1.2731581510916537e-05,
      1.3725826355355285e-05,
      1.2383385307829459e-05
    ],
    "val_accuracy": [
      0.9361129791526563,
      1.0,
      1.0,
      1.0,
      1.0,
      1.0,
      1.0,
      1.0,
      1.0,
      1.0,
      1.0,
      1.0,
      1.0,
      1.0,
      1.0,
      1.0,
      1.0,
      1.0,
      1.0,
      1.0
    ],
    "lr": [
      0.001,
      0.001,
      0.001,
      0.001,
      0.001,
      0.001,
      0.001,
      0.001,
      0.001,
      0.001,
      0.001,
      0.001,
      0.001,
      0.001,
      0.001,
      0.001,
      0.001,
      0.0005,
      0.0005,
      0.0005
    ]
  },
  "test_metrics": {
    "loss": 0.026807155972670853,
    "accuracy": 0.9979838709677419,
    "class_accuracy": {
      "0": 1.0,
      "1": 0.0,
      "2": 0.0
    },
    "n_samples": 1488,
    "confusion_matrix": [
      [
        1485,
        0,
        0
      ],
      [
        3,
        0,
        0
      ],
      [
        0,
        0,
        0
      ]
    ]
  },
  "regime_distribution": {
    "train": {
      "0.0": 6928,
      "2.0": 12,
      "1.0": 1
    },
    "val": {
      "0.0": 1487
    },
    "test": {
      "0.0": 1485,
      "1.0": 3
    }
  },
  "timestamp": "20251208_131933"
}