{
  "train_history": {
    "train_loss": [
      2.7841601511117826,
      2.4538215069229254,
      2.2381778669159167,
      2.1516345948723874,
      2.028602888973796,
      1.8934801019129661,
      1.7419908328729983,
      1.6846438262601309,
      1.6275130386828056,
      1.6200854084828553,
      1.5603607934597787
    ],
    "train_accuracy": [
      0.39058171745152354,
      0.4227146814404432,
      0.4337950138504155,
      0.4476454293628809,
      0.4631578947368421,
      0.450415512465374,
      0.4698060941828255,
      0.48033240997229915,
      0.4986149584487535,
      0.5074792243767313,
      0.49750692520775625
    ],
    "val_loss": [
      1.9245040342979824,
      2.136157286535833,
      2.1308384580710498,
      2.0614190789842115,
      2.006476992184354,
      1.9879528812526428,
      2.0780845769901863,
      2.0901534188654005,
      2.1482798094601976,
      2.1719629051759073,
      2.1745770739525865
    ],
    "val_accuracy": [
      0.4690721649484536,
      0.3917525773195876,
      0.33505154639175255,
      0.31443298969072164,
      0.3247422680412371,
      0.3324742268041237,
      0.30927835051546393,
      0.3118556701030928,
      0.30927835051546393,
      0.30412371134020616,
      0.31443298969072164
    ],
    "lr": [
      0.001,
      0.001,
      0.001,
      0.001,
      0.001,
      0.001,
      0.001,
      0.0005,
      0.0005,
      0.0005,
      0.0005
    ]
  },
  "test_metrics": {
    "loss": 2.3427507359852164,
    "accuracy": 0.37467700258397935,
    "class_accuracy": {
      "0": 0.17391304347826086,
      "1": 0.11042944785276074,
      "2": 0.7419354838709677
    },
    "n_samples": 387,
    "confusion_matrix": [
      [
        12,
        14,
        43
      ],
      [
        20,
        18,
        125
      ],
      [
        14,
        26,
        115
      ]
    ]
  },
  "regime_distribution": {
    "train": {
      "1.0": 766,
      "2.0": 756,
      "0.0": 283
    },
    "val": {
      "1.0": 160,
      "2.0": 147,
      "0.0": 81
    },
    "test": {
      "1.0": 163,
      "2.0": 155,
      "0.0": 69
    }
  },
  "timestamp": "20251208_131743"
}