{
  "train_history": {
    "train_loss": [
      2.938647252833084,
      2.5501969620791827,
      2.4946933040988744,
      2.0725939796902138,
      1.9686156681039657,
      1.9661626231967577,
      1.8072867595588071,
      1.7359629442156848,
      1.6957935745366062,
      1.5378683149649497,
      1.5706557703150277,
      1.5118905260952555,
      1.4071229576073856,
      1.3201239125550288,
      1.368928552664548,
      1.3048381782304548,
      1.2415543119993235,
      1.2043236453777535,
      1.2573264166258709,
      1.1412790884931991,
      1.1249550149381327,
      1.1226109252742122,
      1.100195445776646,
      1.085581025918765
    ],
    "train_accuracy": [
      0.37617728531855954,
      0.4022160664819945,
      0.3972299168975069,
      0.4548476454293629,
      0.4487534626038781,
      0.43047091412742383,
      0.45263157894736844,
      0.45263157894736844,
      0.4587257617728532,
      0.4703601108033241,
      0.46371191135734074,
      0.45373961218836567,
      0.46426592797783933,
      0.4825484764542936,
      0.4842105263157895,
      0.4919667590027701,
      0.49141274238227145,
      0.5202216066481995,
      0.4886426592797784,
      0.525207756232687,
      0.5240997229916897,
      0.5213296398891967,
      0.5390581717451524,
      0.5390581717451524
    ],
    "val_loss": [
      1.7528561931295492,
      1.8594316778723727,
      1.8431748926025076,
      1.7513487191544366,
      1.6576256776593394,
      1.6492189046033878,
      1.5856068748788736,
      1.478664019673141,
      1.4960051369421261,
      1.601266685220384,
      1.5343445969611098,
      1.4405753661676781,
      1.3804854142297174,
      1.3661377233328278,
      1.418512175992592,
      1.4768873748091078,
      1.5254241400158282,
      1.4715494273864116,
      1.4153650163375224,
      1.440441940248627,
      1.4499542983536868,
      1.4387209243381147,
      1.478296867350942,
      1.4506363672079499
    ],
    "val_accuracy": [
      0.43041237113402064,
      0.4639175257731959,
      0.4845360824742268,
      0.48711340206185566,
      0.5025773195876289,
      0.5309278350515464,
      0.5051546391752577,
      0.5154639175257731,
      0.4793814432989691,
      0.4896907216494845,
      0.5,
      0.5025773195876289,
      0.47164948453608246,
      0.47164948453608246,
      0.4639175257731959,
      0.45103092783505155,
      0.44587628865979384,
      0.45618556701030927,
      0.4742268041237113,
      0.4252577319587629,
      0.44329896907216493,
      0.45618556701030927,
      0.4536082474226804,
      0.44587628865979384
    ],
    "lr": [
      0.001,
      0.001,
      0.001,
      0.001,
      0.001,
      0.001,
      0.001,
      0.001,
      0.001,
      0.001,
      0.001,
      0.001,
      0.001,
      0.001,
      0.001,
      0.001,
      0.001,
      0.001,
      0.001,
      0.001,
      0.0005,
      0.0005,
      0.0005,
      0.0005
    ]
  },
  "test_metrics": {
    "loss": 1.691005720956689,
    "accuracy": 0.43410852713178294,
    "class_accuracy": {
      "0": 0.09210526315789473,
      "1": 0.5060975609756098,
      "2": 0.5306122448979592
    },
    "n_samples": 387,
    "confusion_matrix": [
      [
        7,
        36,
        33
      ],
      [
        12,
        83,
        69
      ],
      [
        15,
        54,
        78
      ]
    ]
  },
  "regime_distribution": {
    "train": {
      "1.0": 750,
      "2.0": 737,
      "0.0": 318
    },
    "val": {
      "1.0": 192,
      "2.0": 135,
      "0.0": 61
    },
    "test": {
      "1.0": 164,
      "2.0": 147,
      "0.0": 76
    }
  },
  "timestamp": "20251208_131623"
}