{
  "train_history": {
    "train_loss": [
      2.440209477298504,
      1.7782446699251095,
      1.6042231912756195,
      1.4618652767526528,
      1.3393765511008129,
      1.2689648998714584,
      1.2278028336298707,
      1.178356020250237,
      1.155144559248694,
      1.1343917013769478,
      1.083251536945433,
      1.0548690828490577,
      1.034073638270471,
      1.0282716440528616,
      1.0159642038239844,
      1.000320661849308,
      0.9819468991756832,
      0.9774846105621222,
      0.9710290634299498
    ],
    "train_accuracy": [
      0.37279181112762094,
      0.47218094766386,
      0.48390292223873205,
      0.5068515766881294,
      0.5293049364371801,
      0.5383853392768697,
      0.5398712233779098,
      0.5590226184579825,
      0.549777117384844,
      0.5570414396565957,
      0.5707445930328545,
      0.5849430411094602,
      0.5870893181442959,
      0.586924219910847,
      0.5936932474822519,
      0.6029387485553904,
      0.6062407132243685,
      0.6082218920257553,
      0.6075614990919597
    ],
    "val_loss": [
      0.5373063874251578,
      0.43664617637295755,
      0.3909576426967634,
      0.3744886871857801,
      0.3581103602042551,
      0.3498114520348092,
      0.3425363219975966,
      0.3435766531616587,
      0.33047897566127116,
      0.335459524309277,
      0.34592614457217863,
      0.34209937404823965,
      0.340047204577133,
      0.3421096062095397,
      0.34190182740841696,
      0.35814703717391555,
      0.3499856906697636,
      0.35340666082129457,
      0.35773960305793995
    ],
    "val_accuracy": [
      0.7550077041602465,
      0.7865947611710323,
      0.812788906009245,
      0.8335901386748844,
      0.8320493066255779,
      0.8451463790446841,
      0.8451463790446841,
      0.8582434514637904,
      0.8613251155624037,
      0.8674884437596302,
      0.8705701078582434,
      0.8682588597842835,
      0.8690292758089369,
      0.8721109399075501,
      0.8751926040061633,
      0.8751926040061633,
      0.8813559322033898,
      0.884437596302003,
      0.8759630200308166
    ],
    "lr": [
      0.001,
      0.001,
      0.001,
      0.001,
      0.001,
      0.001,
      0.001,
      0.001,
      0.001,
      0.001,
      0.001,
      0.001,
      0.001,
      0.001,
      0.001,
      0.0005,
      0.0005,
      0.0005,
      0.0005
    ]
  },
  "test_metrics": {
    "loss": 0.5344613360697389,
    "accuracy": 0.7303543913713405,
    "class_accuracy": {
      "0": 1.0,
      "1": 0.5499092558983666,
      "2": 0.432258064516129,
      "3": 0.0
    },
    "n_samples": 1298
  },
  "timestamp": "20251208_133820"
}