{
  "train_history": {
    "train_loss": [
      1.9633407152022517,
      1.4976998306092346,
      1.275455801850949,
      1.1270440020137225,
      1.0264785491434254,
      0.9158979322287568,
      0.813633318078327,
      0.7609781915064379,
      0.7194872851190944,
      0.6714856469697444,
      0.638899506814108,
      0.6205529344943116,
      0.6059664561004957,
      0.5993416448089959,
      0.5801311213621793,
      0.573938922121775,
      0.5591188170485888,
      0.557097267582355,
      0.563470188641556,
      0.5551842954880508,
      0.5504530326881296,
      0.5426814167980433,
      0.5408021788770134,
      0.5397817481183741
    ],
    "train_accuracy": [
      0.5679960771493953,
      0.6214449166394247,
      0.6368094148414515,
      0.6453089244851259,
      0.650375939849624,
      0.6531546256946714,
      0.6663942464857797,
      0.6748937561294541,
      0.6860084995096437,
      0.6938542007191892,
      0.7090552468126838,
      0.7129780974174567,
      0.7154298790454396,
      0.7172278522392939,
      0.7240928407976462,
      0.7262177182085648,
      0.7298136645962733,
      0.7289964040536123,
      0.7276887871853547,
      0.7309578293559987,
      0.7298136645962733,
      0.7335730630925139,
      0.7335730630925139,
      0.7338999673095783
    ],
    "val_loss": [
      0.8054478029364579,
      0.7048457395384823,
      0.7043365804772628,
      0.6419569040235902,
      0.6269513100817583,
      0.6153617226195462,
      0.592368857947858,
      0.5991659067588213,
      0.5821438815464599,
      0.5874714964587301,
      0.5839848688410767,
      0.5876641188024292,
      0.5883387994620747,
      0.575818978176146,
      0.577698358454657,
      0.5871281074622857,
      0.5955914611310835,
      0.5943434283898861,
      0.6017082695011688,
      0.6075753985607925,
      0.603170080779619,
      0.5980983179184792,
      0.6020867363539113,
      0.6078789239617179
    ],
    "val_accuracy": [
      0.6903127383676583,
      0.7421815408085431,
      0.7635392829900839,
      0.7429443173150267,
      0.7398932112890922,
      0.7673531655225019,
      0.7734553775743707,
      0.7734553775743707,
      0.7757437070938215,
      0.7726926010678871,
      0.7704042715484363,
      0.7734553775743707,
      0.7711670480549199,
      0.7719298245614035,
      0.7742181540808543,
      0.7742181540808543,
      0.7658276125095347,
      0.7620137299771167,
      0.7566742944317315,
      0.7498093058733791,
      0.7566742944317315,
      0.7658276125095347,
      0.7551487414187643,
      0.7543859649122807
    ],
    "lr": [
      0.001,
      0.001,
      0.001,
      0.001,
      0.001,
      0.001,
      0.001,
      0.001,
      0.001,
      0.001,
      0.001,
      0.001,
      0.001,
      0.001,
      0.001,
      0.001,
      0.001,
      0.001,
      0.001,
      0.001,
      0.0005,
      0.0005,
      0.0005,
      0.0005
    ]
  },
  "test_metrics": {
    "loss": 0.5635101460829014,
    "accuracy": 0.7865853658536586,
    "class_accuracy": {
      "0": 0.046762589928057555,
      "1": 0.9854932301740812
    },
    "n_samples": 1312,
    "precision": 0.793613707165109,
    "recall": 0.9854932301740812,
    "f1": 0.8792062122519412
  },
  "timestamp": "20251208_134632"
}