{
  "train_history": {
    "train_loss": [
      2.555548463360555,
      1.9570775640292275,
      1.7549618027559382,
      1.5462374549622935,
      1.5288608092491789,
      1.410016365495672,
      1.3216331712440312,
      1.2908020708768384,
      1.246750150190164,
      1.2316726984532138,
      1.1873571896525486,
      1.155626499202162,
      1.1285740346361037,
      1.1085405335068919,
      1.0978921258018535,
      1.086737533454673,
      1.084252157944627,
      1.0498686923983862,
      1.0469791050080874,
      1.0368329240914833,
      1.030765313957122,
      1.0116783492986727,
      1.0082200479149248,
      1.0006717384422457,
      1.0029006441945936,
      0.9957751589717301,
      0.9744027157280141,
      0.9747706170530431,
      0.9673982454798729,
      0.9597140153691933,
      0.965252549041709,
      0.9623010123653815,
      0.9490865552574962,
      0.9581153586750399,
      0.935849005522184,
      0.9404109869043445,
      0.9149406521267597,
      0.9091780326223539,
      0.9068527454115168,
      0.9011261452685021,
      0.9072603738424072,
      0.9055629560601816,
      0.8930543045931097,
      0.8962743696165455,
      0.8969485415952994,
      0.8825211786133476,
      0.8920584195800124,
      0.8752561958932003,
      0.8782570419511091,
      0.8882626082778312,
      0.876549562581089,
      0.8734362877171012,
      0.876268569714011,
      0.8816867585679732,
      0.8719918721429148,
      0.8671170875334161,
      0.8564433082114042,
      0.8616439976057676,
      0.8462502143456634,
      0.8599784517418104,
      0.8485546497074865,
      0.8555676818720594,
      0.8505797106794187
    ],
    "train_accuracy": [
      0.3607396400858511,
      0.4269440316988608,
      0.4560013207858676,
      0.48522370810632326,
      0.4881954763084035,
      0.510813934290903,
      0.5190688459633482,
      0.5255076770678554,
      0.5215453194650818,
      0.5357437675416873,
      0.546310054482417,
      0.5542347696879644,
      0.5583622255241869,
      0.5684332177645699,
      0.5710747894997523,
      0.5730559683011391,
      0.5717351824335479,
      0.5791646029387486,
      0.5879148093115404,
      0.595344229816741,
      0.5920422651477629,
      0.6042595344229816,
      0.605250123823675,
      0.6083869902592042,
      0.608717186726102,
      0.6042595344229816,
      0.6227505365692587,
      0.6265477959385835,
      0.6305101535413571,
      0.6285289747399703,
      0.6182928842661384,
      0.632326234109295,
      0.6338121182103351,
      0.6280336800396236,
      0.6344725111441307,
      0.6404160475482912,
      0.6440482086841671,
      0.6473501733531452,
      0.6562654779593858,
      0.6539541026911012,
      0.657751362060426,
      0.6569258708931814,
      0.657751362060426,
      0.6562654779593858,
      0.6567607726597325,
      0.657586263826977,
      0.6613835231963018,
      0.6666666666666666,
      0.6625392108304441,
      0.6666666666666666,
      0.671124318969787,
      0.6716196136701337,
      0.6668317649001155,
      0.6646854878652798,
      0.6665015684332177,
      0.6740960871718673,
      0.6739309889384184,
      0.6679874525342578,
      0.67970942710913,
      0.6798745253425789,
      0.67970942710913,
      0.683011391778108,
      0.6790490341753344
    ],
    "val_loss": [
      1.2056784822687345,
      0.968383001298493,
      0.8964403807106665,
      0.8388047808858757,
      0.8513491406279096,
      0.7981350240060838,
      0.7592270139185784,
      0.7527905787084429,
      0.7547494040799251,
      0.7174616659918257,
      0.7126756982737219,
      0.726314916816441,
      0.7100786565815906,
      0.7070230555093527,
      0.686852598594407,
      0.6683904402796036,
      0.6630150048501319,
      0.6502423133982348,
      0.6460203524730606,
      0.6517271312249276,
      0.648367325862861,
      0.6512281353741838,
      0.6519047809859454,
      0.6496001000764373,
      0.6282157316597291,
      0.6421389906726008,
      0.6309649957163125,
      0.6220414425448754,
      0.6248977727074468,
      0.6166609231790152,
      0.6289175910464788,
      0.6391683113409669,
      0.6445486711794496,
      0.6391881091752663,
      0.6378732833362691,
      0.6474307685493504,
      0.6243041810710184,
      0.6094558659613776,
      0.614521106145415,
      0.6250542019291542,
      0.6080091730655617,
      0.612678695992439,
      0.6125037394613257,
      0.5992770971980044,
      0.6133790429457677,
      0.5968774355982411,
      0.6065176605076195,
      0.5981033266233553,
      0.5988651728042285,
      0.6060626690486914,
      0.5907232064311787,
      0.5977673368020491,
      0.5888814099580738,
      0.6018628336615481,
      0.6193473238974396,
      0.6047866048724699,
      0.6023650690109594,
      0.6150787435988616,
      0.5988286807099917,
      0.6016499556268124,
      0.5939079375222945,
      0.5912942808287904,
      0.5995778234787458
    ],
    "val_accuracy": [
      0.46147919876733434,
      0.5385208012326657,
      0.5647149460708782,
      0.5847457627118644,
      0.5531587057010786,
      0.5716486902927581,
      0.5970724191063174,
      0.5924499229583975,
      0.5824345146379045,
      0.6070878274268104,
      0.6147919876733436,
      0.5932203389830508,
      0.5963020030816641,
      0.6016949152542372,
      0.6363636363636364,
      0.6633281972265023,
      0.6764252696456087,
      0.6841294298921418,
      0.7003081664098614,
      0.7049306625577813,
      0.7072419106317411,
      0.6979969183359014,
      0.6879815100154083,
      0.6964560862865947,
      0.7180277349768875,
      0.7026194144838213,
      0.7180277349768875,
      0.7288135593220338,
      0.7134052388289677,
      0.726502311248074,
      0.7087827426810478,
      0.7049306625577813,
      0.7026194144838213,
      0.7064714946070878,
      0.699537750385208,
      0.6933744221879815,
      0.714175654853621,
      0.7203389830508474,
      0.7203389830508474,
      0.7049306625577813,
      0.7280431432973806,
      0.7195685670261941,
      0.724191063174114,
      0.7334360554699538,
      0.7110939907550077,
      0.7303543913713405,
      0.724191063174114,
      0.736517719568567,
      0.7380585516178737,
      0.7218798151001541,
      0.7496147919876733,
      0.7442218798151001,
      0.7557781201848999,
      0.7380585516178737,
      0.7095531587057011,
      0.7280431432973806,
      0.7318952234206472,
      0.7164869029275809,
      0.7426810477657936,
      0.7372881355932204,
      0.7434514637904468,
      0.7403697996918336,
      0.7357473035439137
    ],
    "lr": [
      0.001,
      0.001,
      0.001,
      0.001,
      0.001,
      0.001,
      0.001,
      0.001,
      0.001,
      0.001,
      0.001,
      0.001,
      0.001,
      0.001,
      0.001,
      0.001,
      0.001,
      0.001,
      0.001,
      0.001,
      0.001,
      0.001,
      0.001,
      0.001,
      0.001,
      0.001,
      0.001,
      0.001,
      0.001,
      0.001,
      0.001,
      0.001,
      0.001,
      0.001,
      0.001,
      0.001,
      0.0005,
      0.0005,
      0.0005,
      0.0005,
      0.0005,
      0.0005,
      0.0005,
      0.0005,
      0.0005,
      0.0005,
      0.0005,
      0.0005,
      0.0005,
      0.0005,
      0.0005,
      0.0005,
      0.0005,
      0.0005,
      0.0005,
      0.0005,
      0.0005,
      0.0005,
      0.0005,
      0.00025,
      0.00025,
      0.00025,
      0.00025
    ]
  },
  "test_metrics": {
    "loss": 0.5065886251548039,
    "accuracy": 0.7865947611710323,
    "class_accuracy": {
      "0": 0.6016949152542372,
      "1": 0.8752997601918465,
      "2": 0.7142857142857143,
      "3": 0.6842105263157895
    },
    "n_samples": 1298
  },
  "timestamp": "20251208_133918"
}