{
  "train_history": {
    "train_loss": [
      2.3851993239435676,
      1.7408656868699244,
      1.4753403979716018,
      1.3241363047707173,
      1.2566448733695215,
      1.1654193512535693,
      1.1122953630584054,
      1.0702659013701563,
      1.0316010646562637,
      1.0148911031535972,
      0.9848423138671687,
      0.9789907182426132,
      0.9441714318294189,
      0.943539184175428,
      0.9167111953316063,
      0.922209874501574,
      0.8950474215002565,
      0.897962147712865,
      0.8950795746192063,
      0.877733051334058,
      0.8535949143025866,
      0.8697001523402376,
      0.8524373619690653,
      0.8605703330185619,
      0.8446737900314816,
      0.8413120797311431,
      0.8371233659666797,
      0.826011334076482
    ],
    "train_accuracy": [
      0.3859996698035331,
      0.48390292223873205,
      0.5119696219250454,
      0.5397061251444609,
      0.5580320290572891,
      0.5743767541687304,
      0.5839524517087668,
      0.5913818722139673,
      0.5996367838864124,
      0.6102030708271422,
      0.6159815089978538,
      0.6144956248968136,
      0.6311705464751527,
      0.6305101535413571,
      0.6351329040779263,
      0.6367838864124153,
      0.650982334489021,
      0.6456991910186561,
      0.6514776291893677,
      0.6529635132904078,
      0.6640250949314842,
      0.6671619613670133,
      0.6679874525342578,
      0.6646854878652798,
      0.6722800066039294,
      0.6747564801056629,
      0.6772329536073964,
      0.6859831599801882
    ],
    "val_loss": [
      1.1536227791628964,
      0.8659071859850538,
      0.7299366274673509,
      0.6391997646844626,
      0.5973225148690317,
      0.5637815346243936,
      0.5277029508251255,
      0.5243639705361129,
      0.5006390524388095,
      0.4796526593677068,
      0.4716394540892544,
      0.4622664306490741,
      0.46636736200109286,
      0.4699012042928734,
      0.4711537195831675,
      0.45240856420093767,
      0.4546931144452793,
      0.4333008935528654,
      0.441230624133523,
      0.4451475385892189,
      0.44687516204381394,
      0.45384604078595553,
      0.44183943736351144,
      0.44025576160574914,
      0.4465914906816233,
      0.44123373542250766,
      0.4455373021781169,
      0.44943560161649354
    ],
    "val_accuracy": [
      0.5169491525423728,
      0.5585516178736518,
      0.6533127889060092,
      0.6979969183359014,
      0.7164869029275809,
      0.7550077041602465,
      0.7804314329738059,
      0.7958397534668721,
      0.8035439137134053,
      0.8020030816640986,
      0.812788906009245,
      0.8212634822804314,
      0.8235747303543913,
      0.8335901386748844,
      0.8204930662557781,
      0.8328197226502311,
      0.8366718027734977,
      0.849768875192604,
      0.8489984591679507,
      0.8482280431432974,
      0.837442218798151,
      0.8328197226502311,
      0.8420647149460708,
      0.8428351309707242,
      0.8405238828967643,
      0.8412942989214176,
      0.8405238828967643,
      0.8266563944530047
    ],
    "lr": [
      0.001,
      0.001,
      0.001,
      0.001,
      0.001,
      0.001,
      0.001,
      0.001,
      0.001,
      0.001,
      0.001,
      0.001,
      0.001,
      0.001,
      0.001,
      0.001,
      0.001,
      0.001,
      0.001,
      0.001,
      0.001,
      0.001,
      0.001,
      0.001,
      0.0005,
      0.0005,
      0.0005,
      0.0005
    ]
  },
  "test_metrics": {
    "loss": 0.4611167951798402,
    "accuracy": 0.8197226502311248,
    "class_accuracy": {
      "0": 0.9882121807465619,
      "1": 0.7140600315955766,
      "2": 0.6987179487179487,
      "3": 0.0
    },
    "n_samples": 1298
  },
  "timestamp": "20251208_133801"
}