{
  "train_history": {
    "train_loss": [
      1.9169793523343883,
      1.4654296942106373,
      1.2358146843547018,
      1.129003393743583,
      1.034211321939398,
      0.8965166350640904,
      0.8128465082899501,
      0.7925828537663513,
      0.7398074002155255,
      0.7060112127801023,
      0.6617692018420371,
      0.6090811770622463,
      0.6152847159158252,
      0.6040099395981564,
      0.5881341165013857,
      0.5809716051721464,
      0.560472855081976,
      0.5696363726465793,
      0.552910186849649,
      0.5510224890732305,
      0.5468875797463617,
      0.5379805498241638,
      0.5424749051659432,
      0.5356497421261531,
      0.5330226925141128,
      0.531529055180679,
      0.5274911049769259,
      0.5218757752422882,
      0.517788923480379,
      0.5175850099210219
    ],
    "train_accuracy": [
      0.5715920235371036,
      0.6369728669499837,
      0.6493952271984309,
      0.672441974501471,
      0.661817587446878,
      0.6809414841451454,
      0.6886237332461589,
      0.6892775416802877,
      0.7008826413860739,
      0.7057862046420399,
      0.7162471395881007,
      0.7247466492317751,
      0.723929388689114,
      0.7325923504413206,
      0.7324288983327885,
      0.73700555737169,
      0.7417456685191239,
      0.7432167374959137,
      0.7448512585812357,
      0.7471395881006865,
      0.7453416149068323,
      0.7508989865969271,
      0.7474664923177509,
      0.7505720823798627,
      0.7494279176201373,
      0.7530238640078457,
      0.7522066034651848,
      0.7538411245505067,
      0.7538411245505067,
      0.7602157567832625
    ],
    "val_loss": [
      0.7867508909340399,
      0.8131066758063438,
      0.7571148003084254,
      0.6795613533844936,
      0.6508800871584999,
      0.6402762856399804,
      0.613434116136564,
      0.5987322548706963,
      0.5805562567292598,
      0.5801341430000637,
      0.5656176344935536,
      0.5615053602887146,
      0.5629419330237568,
      0.5572276819670682,
      0.5566834280001671,
      0.5518672530838409,
      0.5476802738907681,
      0.5426304681350219,
      0.5424574602204911,
      0.5394946615446805,
      0.541822576186386,
      0.5474152878256447,
      0.5412920472005412,
      0.5429260104690046,
      0.5496905846144751,
      0.5514402572295759,
      0.5537633583983967,
      0.5518176666568201,
      0.5536965872384864,
      0.5540740183070814
    ],
    "val_accuracy": [
      0.7467581998474447,
      0.7589626239511823,
      0.7528604118993135,
      0.7437070938215103,
      0.7482837528604119,
      0.7376048817696415,
      0.7696414950419527,
      0.7711670480549199,
      0.7810831426392068,
      0.7864225781845919,
      0.7902364607170099,
      0.7894736842105263,
      0.7894736842105263,
      0.7902364607170099,
      0.7909992372234935,
      0.7909992372234935,
      0.7909992372234935,
      0.7909992372234935,
      0.7909992372234935,
      0.7917620137299771,
      0.7909992372234935,
      0.7909992372234935,
      0.7917620137299771,
      0.7909992372234935,
      0.7902364607170099,
      0.7909992372234935,
      0.7909992372234935,
      0.7909992372234935,
      0.7902364607170099,
      0.7909992372234935
    ],
    "lr": [
      0.001,
      0.001,
      0.001,
      0.001,
      0.001,
      0.001,
      0.001,
      0.001,
      0.001,
      0.001,
      0.001,
      0.001,
      0.001,
      0.001,
      0.001,
      0.001,
      0.001,
      0.001,
      0.001,
      0.001,
      0.001,
      0.001,
      0.001,
      0.001,
      0.001,
      0.001,
      0.0005,
      0.0005,
      0.0005,
      0.0005
    ]
  },
  "test_metrics": {
    "loss": 0.5989595797003769,
    "accuracy": 0.7141768292682927,
    "class_accuracy": {
      "0": 0.0,
      "1": 1.0
    },
    "n_samples": 1312,
    "precision": 0.7141768292682927,
    "recall": 1.0,
    "f1": 0.8332592263228101
  },
  "timestamp": "20251208_134650"
}