{
  "train_history": {
    "train_loss": [
      3.0605560668584917,
      2.419888541097538,
      2.0995305069290215,
      1.860772226557462,
      1.6380584035367114,
      1.5068542184140723,
      1.3951406935220765,
      1.3084569927055332,
      1.2295551876415416,
      1.1864904896735209,
      1.1485036246407925,
      1.1062122163682173,
      1.0814907698897842,
      1.0631740577238844,
      1.060078919810694,
      1.0405843124821437,
      1.0357150113360483,
      1.02383352758137,
      1.0203560071858209,
      1.0103411878897264,
      1.0012174802654201,
      0.9996052508885738,
      0.9970081618269427
    ],
    "train_accuracy": [
      0.3468453743053285,
      0.36220987250735537,
      0.37005557371690095,
      0.37087283425956197,
      0.38738149722131415,
      0.39179470415168355,
      0.39571755475645637,
      0.40143837855508335,
      0.41762013729977115,
      0.42056227525335077,
      0.42840797646289636,
      0.43674403399803857,
      0.44230140568813336,
      0.462406015037594,
      0.45750245178162796,
      0.4604445897352076,
      0.46730957829356,
      0.47891467799934617,
      0.4838182412553122,
      0.4892121608368748,
      0.4903563255966002,
      0.4960771493952272,
      0.4978751225890814
    ],
    "val_loss": [
      1.6408174765373713,
      1.5296604004095384,
      1.456855577244093,
      1.4016485546128064,
      1.3162164449873632,
      1.3028945163585683,
      1.269320245283783,
      1.2581215922292364,
      1.252039975196146,
      1.2262618591729055,
      1.221185306844413,
      1.2095544330042614,
      1.1912656463256417,
      1.2098706506027874,
      1.2120800071959275,
      1.2183260891293861,
      1.2186864296231534,
      1.227154410676498,
      1.2299398241108561,
      1.2390536049865386,
      1.2424616679992502,
      1.2553782606743202,
      1.273997183795379
    ],
    "val_accuracy": [
      0.35545385202135776,
      0.36308161708619374,
      0.3684210526315789,
      0.39511823035850496,
      0.38062547673531655,
      0.38749046529366893,
      0.39588100686498856,
      0.39359267734553777,
      0.3882532418001526,
      0.40045766590389015,
      0.40274599542334094,
      0.38672768878718533,
      0.3905415713196034,
      0.39664378337147216,
      0.38520213577421814,
      0.39435545385202136,
      0.40198321891685734,
      0.39435545385202136,
      0.39969488939740655,
      0.39435545385202136,
      0.39588100686498856,
      0.39359267734553777,
      0.39588100686498856
    ],
    "lr": [
      0.001,
      0.001,
      0.001,
      0.001,
      0.001,
      0.001,
      0.001,
      0.001,
      0.001,
      0.001,
      0.001,
      0.001,
      0.001,
      0.001,
      0.001,
      0.001,
      0.001,
      0.001,
      0.001,
      0.0005,
      0.0005,
      0.0005,
      0.0005
    ]
  },
  "test_metrics": {
    "loss": 1.4329856252233824,
    "accuracy": 0.3127383676582761,
    "class_accuracy": {
      "0": 0.006060606060606061,
      "1": 0.18377088305489261,
      "2": 0.8312342569269522
    },
    "n_samples": 1311,
    "confusion_matrix": [
      [
        3,
        98,
        394
      ],
      [
        1,
        77,
        341
      ],
      [
        1,
        66,
        330
      ]
    ]
  },
  "regime_distribution": {
    "train": {
      "1.0": 2119,
      "2.0": 2031,
      "0.0": 1968
    },
    "val": {
      "1.0": 508,
      "2.0": 489,
      "0.0": 314
    },
    "test": {
      "0.0": 495,
      "1.0": 419,
      "2.0": 397
    }
  },
  "timestamp": "20251208_131524"
}