{
  "train_history": {
    "train_loss": [
      2.8353292613140155,
      2.2571948011469396,
      1.9067455915580118,
      1.6221714783198071,
      1.4705638037900124,
      1.3723656779295792,
      1.2208166306764716,
      1.163110653845147,
      1.1182435377238817,
      1.0697295803305136,
      1.0467013139551704,
      1.0173417704484946,
      1.0079873092582157,
      1.0022541455444693,
      0.9874779253116657,
      0.993959147075143,
      0.9815497265293849
    ],
    "train_accuracy": [
      0.3718535469107552,
      0.38770840143837854,
      0.40454396861719516,
      0.4159856162144492,
      0.43053285387381496,
      0.42219679633867274,
      0.44785877737822816,
      0.45096436744033996,
      0.4731938542007192,
      0.4882314481856816,
      0.4985289310232102,
      0.509807126511932,
      0.5178162798300098,
      0.5152010460934946,
      0.527786858450474,
      0.5205949656750573,
      0.5339980385746976
    ],
    "val_loss": [
      2.1979013324056664,
      2.0754436660958646,
      1.944849367363593,
      1.7808926940237084,
      1.5861477890967595,
      1.5307338358699412,
      1.4272326540164961,
      1.4605607122614763,
      1.4737343600831079,
      1.5202423673290772,
      1.6197815326040341,
      1.640570653021381,
      1.6719789282226272,
      1.7247758199930372,
      1.7903608163743416,
      1.8735587765113895,
      1.9409173576091647
    ],
    "val_accuracy": [
      0.37223493516399697,
      0.37909992372234935,
      0.38520213577421814,
      0.37757437070938216,
      0.38215102974828374,
      0.37223493516399697,
      0.37452326468344777,
      0.36460717009916094,
      0.36231884057971014,
      0.35621662852784136,
      0.3524027459954233,
      0.3516399694889397,
      0.3485888634630053,
      0.34706331045003813,
      0.3485888634630053,
      0.34706331045003813,
      0.34553775743707094
    ],
    "lr": [
      0.001,
      0.001,
      0.001,
      0.001,
      0.001,
      0.001,
      0.001,
      0.001,
      0.001,
      0.001,
      0.001,
      0.001,
      0.001,
      0.0005,
      0.0005,
      0.0005,
      0.0005
    ]
  },
  "test_metrics": {
    "loss": 2.5759860189949593,
    "accuracy": 0.2858231707317073,
    "class_accuracy": {
      "0": 0.017587939698492462,
      "1": 0.08159392789373814,
      "2": 0.8397932816537468
    },
    "n_samples": 1312,
    "confusion_matrix": [
      [
        7,
        41,
        350
      ],
      [
        8,
        43,
        476
      ],
      [
        4,
        58,
        325
      ]
    ]
  },
  "regime_distribution": {
    "train": {
      "2.0": 2478,
      "1.0": 2343,
      "0.0": 1297
    },
    "val": {
      "1.0": 495,
      "2.0": 451,
      "0.0": 365
    },
    "test": {
      "1.0": 527,
      "0.0": 398,
      "2.0": 387
    }
  },
  "timestamp": "20251208_131804"
}