{
  "train_history": {
    "train_loss": [
      3.1458206977210215,
      2.7236123694607426,
      2.399680013537737,
      2.3012153312440065,
      2.1428341561737483,
      1.9871591993316058,
      1.835413765577068,
      1.7224064788659854,
      1.6426786673696419,
      1.6566043666195012,
      1.5733303817025182,
      1.5379081088089877,
      1.5229063028774104,
      1.4294002652498494,
      1.4939361005608724,
      1.50464612334719,
      1.3785891214235997,
      1.3983371932090485,
      1.3789728354549144,
      1.3007702668287748,
      1.3439447859978082,
      1.305899296771126,
      1.3041930644465947,
      1.280008278593132,
      1.2342154443098898,
      1.2802733380378448
    ],
    "train_accuracy": [
      0.3407202216066482,
      0.36398891966759,
      0.4033240997229917,
      0.4022160664819945,
      0.4188365650969529,
      0.4083102493074792,
      0.42714681440443214,
      0.43601108033241,
      0.4515235457063712,
      0.45318559556786703,
      0.45373961218836567,
      0.4626038781163435,
      0.46204986149584487,
      0.47977839335180056,
      0.47202216066481995,
      0.4481994459833795,
      0.4919667590027701,
      0.48808864265927976,
      0.48033240997229915,
      0.4919667590027701,
      0.4808864265927978,
      0.48476454293628807,
      0.4853185595567867,
      0.5024930747922438,
      0.5113573407202217,
      0.49418282548476455
    ],
    "val_loss": [
      1.952601222647834,
      1.9911981649005537,
      1.8231972591164185,
      1.8295298790194325,
      2.012805110400485,
      1.8626390806178457,
      1.9240656513528727,
      2.0328676233586576,
      1.9482841368803043,
      1.8993728210016625,
      1.8493362222750163,
      1.8286575963816691,
      1.7852739882223385,
      1.8741392966398258,
      1.7823108901682587,
      1.7623921645056342,
      1.8390992548047882,
      1.8558510677101685,
      1.8239028097427998,
      1.885083189944631,
      1.7685480437327905,
      1.817010180237367,
      1.8685947251074093,
      1.8380191240114034,
      1.8442722055100904,
      1.8528652977697628
    ],
    "val_accuracy": [
      0.39690721649484534,
      0.37371134020618557,
      0.3917525773195876,
      0.37371134020618557,
      0.31443298969072164,
      0.33505154639175255,
      0.35309278350515466,
      0.36082474226804123,
      0.34536082474226804,
      0.3582474226804124,
      0.38917525773195877,
      0.37371134020618557,
      0.3788659793814433,
      0.3865979381443299,
      0.36597938144329895,
      0.38402061855670105,
      0.36597938144329895,
      0.37371134020618557,
      0.3634020618556701,
      0.36597938144329895,
      0.3711340206185567,
      0.36597938144329895,
      0.3479381443298969,
      0.3634020618556701,
      0.37371134020618557,
      0.36597938144329895
    ],
    "lr": [
      0.001,
      0.001,
      0.001,
      0.001,
      0.001,
      0.001,
      0.001,
      0.001,
      0.001,
      0.0005,
      0.0005,
      0.0005,
      0.0005,
      0.0005,
      0.0005,
      0.0005,
      0.0005,
      0.0005,
      0.0005,
      0.0005,
      0.0005,
      0.0005,
      0.00025,
      0.00025,
      0.00025,
      0.00025
    ]
  },
  "test_metrics": {
    "loss": 1.7898724861539304,
    "accuracy": 0.4134366925064599,
    "class_accuracy": {
      "0": 0.05555555555555555,
      "1": 0.17475728155339806,
      "2": 0.952755905511811
    },
    "n_samples": 387,
    "confusion_matrix": [
      [
        3,
        6,
        45
      ],
      [
        9,
        36,
        161
      ],
      [
        1,
        5,
        121
      ]
    ]
  },
  "regime_distribution": {
    "train": {
      "1.0": 766,
      "2.0": 721,
      "0.0": 318
    },
    "val": {
      "1.0": 181,
      "2.0": 135,
      "0.0": 72
    },
    "test": {
      "1.0": 206,
      "2.0": 127,
      "0.0": 54
    }
  },
  "timestamp": "20251208_131806"
}