{
  "train_history": {
    "train_loss": [
      2.9193250866318143,
      1.256682552960481,
      0.9010400832172587,
      0.8021384052132424,
      0.7845353386424351,
      0.773786074052731,
      0.724293404482215,
      0.6472038774396536,
      0.5952756789210422,
      0.5992604060999311,
      0.5527116069515532,
      0.5749438819821061
    ],
    "train_accuracy": [
      0.4211253020365896,
      0.6998619261304798,
      0.8179150845702451,
      0.8534691059716949,
      0.876423886779427,
      0.8783224024853297,
      0.8859164653089403,
      0.8933379357956507,
      0.8919571971004487,
      0.8916120124266482,
      0.8954090438384535,
      0.8916120124266482
    ],
    "val_loss": [
      0.7908202575792629,
      0.5565440811984685,
      0.7104059570737411,
      0.8213566092252371,
      0.8363582057617425,
      0.8384404708473867,
      0.8242703093944684,
      0.8070268285927181,
      0.8353977290322575,
      0.8520062195659044,
      0.8144382317273033,
      0.8023982463515515
    ],
    "val_accuracy": [
      0.7866344605475041,
      0.894524959742351,
      0.894524959742351,
      0.894524959742351,
      0.894524959742351,
      0.894524959742351,
      0.894524959742351,
      0.894524959742351,
      0.894524959742351,
      0.894524959742351,
      0.894524959742351,
      0.894524959742351
    ],
    "lr": [
      0.001,
      0.001,
      0.001,
      0.001,
      0.001,
      0.001,
      0.001,
      0.001,
      0.0005,
      0.0005,
      0.0005,
      0.0005
    ]
  },
  "test_metrics": {
    "loss": 0.8740959783443122,
    "accuracy": 0.8027375201288245,
    "class_accuracy": {
      "0": 0.998997995991984,
      "1": 0.0,
      "2": 0.0
    },
    "n_samples": 1242,
    "confusion_matrix": [
      [
        997,
        0,
        1
      ],
      [
        149,
        0,
        0
      ],
      [
        95,
        0,
        0
      ]
    ]
  },
  "regime_distribution": {
    "train": {
      "0.0": 5247,
      "1.0": 279,
      "2.0": 268
    },
    "val": {
      "0.0": 1111,
      "2.0": 87,
      "1.0": 44
    },
    "test": {
      "0.0": 998,
      "1.0": 149,
      "2.0": 95
    }
  },
  "timestamp": "20251208_131907"
}