{
  "train_history": {
    "train_loss": [
      3.0241092138159504,
      2.099425105933645,
      1.7998221250214144,
      1.6377410977470224,
      1.4905810383378282,
      1.3839242756865597,
      1.2567400173435332,
      1.1993450289551615,
      1.0865342836935543,
      1.0426255257025108,
      0.9931964839745973,
      0.965195244836057,
      0.9298793733179829,
      0.9003612095291175,
      0.8817781488313537,
      0.8697580775569664,
      0.8489284810211334,
      0.8374778975660601,
      0.8238660759917062,
      0.8218846239092201,
      0.8143242604564096,
      0.8030195873159607,
      0.7922261664010946
    ],
    "train_accuracy": [
      0.381653833277536,
      0.49916303983930366,
      0.5363240709742216,
      0.5406762638098427,
      0.5465349849347171,
      0.5577502510880482,
      0.5748242383662537,
      0.5684633411449616,
      0.5964178105122196,
      0.6011047874121191,
      0.6099765651155005,
      0.6168396384332105,
      0.6329092735185805,
      0.632574489454302,
      0.6399397388684298,
      0.6464680281218614,
      0.6483093404753933,
      0.652996317375293,
      0.6543354536324071,
      0.6588550385001674,
      0.6618680950786743,
      0.6672246401071309,
      0.6655507197857382
    ],
    "val_loss": [
      1.482047700881958,
      1.354641169309616,
      1.3768113046884536,
      1.367628702521324,
      1.3640294164419173,
      1.3459314823150634,
      1.2961687058210374,
      1.23091678917408,
      1.1846205025911332,
      1.1076478406786918,
      1.1267025247216225,
      1.155771617591381,
      1.0945253282785417,
      1.1001852452754974,
      1.0964524045586586,
      1.0954236954450607,
      1.0991896569728852,
      1.1003804475069046,
      1.1011686772108078,
      1.1034522831439972,
      1.1368242442607879,
      1.1186141610145568,
      1.127964049577713
    ],
    "val_accuracy": [
      0.521875,
      0.603125,
      0.62265625,
      0.60859375,
      0.60625,
      0.60390625,
      0.61796875,
      0.615625,
      0.6234375,
      0.6375,
      0.64140625,
      0.61953125,
      0.62421875,
      0.61640625,
      0.61171875,
      0.596875,
      0.57734375,
      0.546875,
      0.53203125,
      0.52265625,
      0.5125,
      0.5109375,
      0.5
    ],
    "lr": [
      0.001,
      0.001,
      0.001,
      0.001,
      0.001,
      0.001,
      0.001,
      0.001,
      0.001,
      0.001,
      0.001,
      0.001,
      0.001,
      0.001,
      0.001,
      0.001,
      0.001,
      0.001,
      0.001,
      0.0005,
      0.0005,
      0.0005,
      0.0005
    ]
  },
  "test_metrics": {
    "loss": 1.0783730555008761,
    "accuracy": 0.537080405932865,
    "class_accuracy": {
      "0": 0.7144549763033176,
      "1": 0.008928571428571428,
      "2": 0.38967136150234744
    },
    "n_samples": 1281,
    "confusion_matrix": [
      [
        603,
        0,
        241
      ],
      [
        166,
        2,
        56
      ],
      [
        130,
        0,
        83
      ]
    ]
  },
  "regime_distribution": {
    "train": {
      "0.0": 3841,
      "2.0": 1095,
      "1.0": 1038
    },
    "val": {
      "0.0": 836,
      "1.0": 238,
      "2.0": 206
    },
    "test": {
      "0.0": 844,
      "1.0": 224,
      "2.0": 213
    }
  },
  "timestamp": "20251208_131613"
}