{
  "train_history": {
    "train_loss": [
      3.163748584022784,
      2.4673894157827427,
      2.073156582058236,
      1.7796022139876915,
      1.6323639420989138,
      1.4426035368197023,
      1.3507371285102772,
      1.2365022252766515,
      1.1752204517789744,
      1.140179655917449,
      1.0953048402945875,
      1.0628680671184974,
      1.043741144125428,
      1.02418331400013,
      1.0066369089982057,
      0.9869109184845634,
      0.9808274364502612,
      0.971006751255336,
      0.9697510504028929,
      0.9650924018723935,
      0.9596541213926906,
      0.9497965478008579,
      0.9459207607235305
    ],
    "train_accuracy": [
      0.3468453743053285,
      0.388035305655443,
      0.40503432494279173,
      0.4179470415168356,
      0.4179470415168356,
      0.43478260869565216,
      0.4408303367113436,
      0.44557044785877736,
      0.4506374632232756,
      0.45733899967309577,
      0.4622425629290618,
      0.4756456358287022,
      0.4874141876430206,
      0.4915004903563256,
      0.5019614253023864,
      0.514710689767898,
      0.5119320039228507,
      0.5232101994115724,
      0.5214122262177182,
      0.529421379535796,
      0.5284406668846028,
      0.5354691075514875,
      0.545766590389016
    ],
    "val_loss": [
      2.085137967477765,
      1.671601638641183,
      1.668371245571896,
      1.4973568316182502,
      1.3918473437758097,
      1.3084615620832059,
      1.2630269872060176,
      1.2259388125461081,
      1.2370177753820937,
      1.233738833124814,
      1.2139282896716934,
      1.2147209274232342,
      1.2097081301959756,
      1.2345140028509085,
      1.2724493863835398,
      1.2632897964513183,
      1.2545531974959063,
      1.2685502166515266,
      1.289032984925626,
      1.270457993382993,
      1.2849574953340375,
      1.2714016189291493,
      1.2798637964178095
    ],
    "val_accuracy": [
      0.33790999237223496,
      0.35697940503432496,
      0.34324942791762014,
      0.33943554538520215,
      0.34172387490465295,
      0.36231884057971014,
      0.35850495804729215,
      0.3699466056445461,
      0.3493516399694889,
      0.36231884057971014,
      0.35545385202135776,
      0.35621662852784136,
      0.35545385202135776,
      0.3508771929824561,
      0.35926773455377575,
      0.34630053394355453,
      0.34477498093058734,
      0.34630053394355453,
      0.34553775743707094,
      0.34706331045003813,
      0.3524027459954233,
      0.36155606407322655,
      0.36460717009916094
    ],
    "lr": [
      0.001,
      0.001,
      0.001,
      0.001,
      0.001,
      0.001,
      0.001,
      0.001,
      0.001,
      0.001,
      0.001,
      0.001,
      0.001,
      0.001,
      0.001,
      0.001,
      0.001,
      0.001,
      0.001,
      0.0005,
      0.0005,
      0.0005,
      0.0005
    ]
  },
  "test_metrics": {
    "loss": 1.4003515156303965,
    "accuracy": 0.22865853658536586,
    "class_accuracy": {
      "0": 0.10922330097087378,
      "1": 0.29285714285714287,
      "2": 0.6153846153846154
    },
    "n_samples": 1312,
    "confusion_matrix": [
      [
        90,
        364,
        370
      ],
      [
        32,
        82,
        166
      ],
      [
        10,
        70,
        128
      ]
    ]
  },
  "regime_distribution": {
    "train": {
      "0.0": 2655,
      "1.0": 1824,
      "2.0": 1639
    },
    "val": {
      "0.0": 710,
      "1.0": 366,
      "2.0": 235
    },
    "test": {
      "0.0": 824,
      "1.0": 280,
      "2.0": 208
    }
  },
  "timestamp": "20251208_131716"
}