{
  "train_history": {
    "train_loss": [
      2.4637630240920356,
      1.7960360228149232,
      1.60378948826456,
      1.441449014324808,
      1.3232328016187902,
      1.2408413186255975,
      1.2092625906634362,
      1.146230169378782,
      1.1080862350633942,
      1.0762967867296942,
      1.035892398228261,
      1.0187417848264526,
      1.0024934262234122,
      0.9859371912054216,
      0.9702761595283821,
      0.9748862792037752,
      0.9565310227036319,
      0.9513826367089739,
      0.9269075567687676,
      0.9328326512044456,
      0.9107650549912547,
      0.9033218314342171,
      0.8839788703023994,
      0.8861772751083777
    ],
    "train_accuracy": [
      0.3783025099075297,
      0.4654887714663144,
      0.4798546895640687,
      0.5059445178335535,
      0.5193196829590488,
      0.5260898282694848,
      0.5305482166446499,
      0.541116248348745,
      0.5556472919418758,
      0.5609313077939234,
      0.5686922060766182,
      0.5690224570673712,
      0.5718295904887715,
      0.584214002642008,
      0.5850396301188904,
      0.584214002642008,
      0.5931307793923382,
      0.6027080581241744,
      0.5995706737120211,
      0.6048546895640687,
      0.6122853368560106,
      0.618229854689564,
      0.6228533685601056,
      0.6198811096433289
    ],
    "val_loss": [
      0.9014445112556081,
      0.7665394770529678,
      0.6461335614392496,
      0.6474363702838704,
      0.5506083768303112,
      0.5472377120805632,
      0.5253684886247608,
      0.4961080614517576,
      0.5093060670354517,
      0.5007378978795374,
      0.4960654507891974,
      0.48696769353788694,
      0.48495370181756686,
      0.4760560763451645,
      0.47966499279937685,
      0.47634749736734455,
      0.4776847874530475,
      0.4846068765790143,
      0.48298460800768966,
      0.49015415421986985,
      0.4988839966582223,
      0.4977314661390425,
      0.5008133048269158,
      0.5065066817637034
    ],
    "val_accuracy": [
      0.6671802773497689,
      0.7003081664098614,
      0.7218798151001541,
      0.7203389830508474,
      0.7473035439137135,
      0.7534668721109399,
      0.7604006163328197,
      0.802773497688752,
      0.7812018489984591,
      0.8066255778120185,
      0.8328197226502311,
      0.847457627118644,
      0.8335901386748844,
      0.847457627118644,
      0.8436055469953775,
      0.8543913713405239,
      0.8574730354391371,
      0.8682588597842835,
      0.8721109399075501,
      0.8744221879815101,
      0.864406779661017,
      0.8520801232665639,
      0.8428351309707242,
      0.8412942989214176
    ],
    "lr": [
      0.001,
      0.001,
      0.001,
      0.001,
      0.001,
      0.001,
      0.001,
      0.001,
      0.001,
      0.001,
      0.001,
      0.001,
      0.001,
      0.001,
      0.001,
      0.001,
      0.001,
      0.001,
      0.001,
      0.001,
      0.0005,
      0.0005,
      0.0005,
      0.0005
    ]
  },
  "test_metrics": {
    "loss": 0.5898714383779946,
    "accuracy": 0.7611710323574731,
    "class_accuracy": {
      "0": 0.5463137996219282,
      "1": 0.9033149171270718,
      "2": 1.0,
      "3": 0.0
    },
    "n_samples": 1298
  },
  "timestamp": "20251208_133726"
}