{
  "train_history": {
    "train_loss": [
      3.0387321869399258,
      1.8264220049191717,
      1.6290860413258046,
      1.4423907553002426,
      1.3048958709150178,
      1.1938889615306296,
      1.0834474021271183,
      1.0336666602245435,
      0.9749124033032102,
      0.8970870008478603,
      0.8678594312159087,
      0.8445365923593234,
      0.7957377466596819,
      0.7826913724209973,
      0.7686981967552935,
      0.7341290179007223,
      0.7189629510306913,
      0.6999646259576207,
      0.6922475797112517,
      0.6807866870558911,
      0.6850374706669332,
      0.6777702147092779,
      0.6537180898478839,
      0.6532033887692575,
      0.6554053789900935,
      0.6476901533563766,
      0.6377090685611988,
      0.6329387980125938,
      0.6231290926020514,
      0.6153284316182636,
      0.6107557397756617,
      0.6140366938897257
    ],
    "train_accuracy": [
      0.39748953974895396,
      0.5723849372384937,
      0.6122175732217573,
      0.6366527196652719,
      0.6575732217573221,
      0.6651046025104602,
      0.6677824267782427,
      0.6813389121338912,
      0.6918828451882845,
      0.7041004184100419,
      0.7148117154811715,
      0.7188284518828452,
      0.7307112970711297,
      0.7275313807531381,
      0.7288702928870293,
      0.737071129707113,
      0.737907949790795,
      0.7380753138075313,
      0.7410878661087866,
      0.743765690376569,
      0.7439330543933055,
      0.7424267782426778,
      0.7474476987447699,
      0.7452719665271966,
      0.7492887029288703,
      0.7546443514644351,
      0.7576569037656904,
      0.7564853556485356,
      0.7603347280334728,
      0.7578242677824267,
      0.7588284518828452,
      0.7645188284518828
    ],
    "val_loss": [
      1.2872964829206466,
      1.4973163247108459,
      1.4539962351322173,
      1.3788590475916862,
      1.2645460784435272,
      1.277484855055809,
      1.2593392118811608,
      1.17373918145895,
      1.1372559785842895,
      1.0585276886820794,
      1.0664687260985375,
      1.0431713551282882,
      1.0060292392969132,
      0.991815285384655,
      0.9716977685689926,
      0.9437228828668595,
      0.9168450400233269,
      0.9195648670196533,
      0.921213461458683,
      0.9178785115480423,
      0.9137729316949844,
      0.910851776599884,
      0.9332932695746422,
      0.9248932391405106,
      0.9297020569443702,
      0.9310529887676239,
      0.9407176092267037,
      0.9762526720762252,
      0.975931952893734,
      0.9724055305123329,
      0.9868638396263123,
      0.9919925540685653
    ],
    "val_accuracy": [
      0.59140625,
      0.68203125,
      0.68046875,
      0.68984375,
      0.68671875,
      0.68203125,
      0.68203125,
      0.69921875,
      0.69296875,
      0.71015625,
      0.715625,
      0.7140625,
      0.7046875,
      0.69453125,
      0.6921875,
      0.70078125,
      0.709375,
      0.71171875,
      0.68359375,
      0.66484375,
      0.68203125,
      0.66796875,
      0.621875,
      0.628125,
      0.6109375,
      0.5953125,
      0.56484375,
      0.5078125,
      0.49609375,
      0.50859375,
      0.48984375,
      0.48359375
    ],
    "lr": [
      0.001,
      0.001,
      0.001,
      0.001,
      0.001,
      0.001,
      0.001,
      0.001,
      0.001,
      0.001,
      0.001,
      0.001,
      0.001,
      0.001,
      0.001,
      0.001,
      0.001,
      0.001,
      0.001,
      0.001,
      0.001,
      0.001,
      0.001,
      0.001,
      0.001,
      0.001,
      0.001,
      0.001,
      0.0005,
      0.0005,
      0.0005,
      0.0005
    ]
  },
  "test_metrics": {
    "loss": 1.0356395851346685,
    "accuracy": 0.47931303669008585,
    "class_accuracy": {
      "0": 0.5531281032770605,
      "1": 0.0,
      "2": 0.5377358490566038
    },
    "n_samples": 1281,
    "confusion_matrix": [
      [
        557,
        0,
        450
      ],
      [
        88,
        0,
        80
      ],
      [
        49,
        0,
        57
      ]
    ]
  },
  "regime_distribution": {
    "train": {
      "0.0": 4430,
      "2.0": 852,
      "1.0": 693
    },
    "val": {
      "0.0": 935,
      "2.0": 184,
      "1.0": 161
    },
    "test": {
      "0.0": 1007,
      "1.0": 168,
      "2.0": 106
    }
  },
  "timestamp": "20251208_131824"
}