{
  "train_history": {
    "train_loss": [
      2.832060548958766,
      0.9089963436126709,
      0.5508033268093743,
      0.47973070137861906,
      0.46478990316465896,
      0.4290728962133781,
      0.408182433451808,
      0.3718128108017486,
      0.34443375130680864,
      0.32953101849987426,
      0.3131550579324325,
      0.29697831952819553
    ],
    "train_accuracy": [
      0.4425268096514745,
      0.7670911528150134,
      0.8880697050938338,
      0.9190683646112601,
      0.9269436997319035,
      0.9371648793565683,
      0.9381702412868632,
      0.9403485254691689,
      0.939343163538874,
      0.9408512064343163,
      0.9406836461126006,
      0.9420241286863271
    ],
    "val_loss": [
      0.4492997000164311,
      0.3130556362855122,
      0.4400526696287803,
      0.5176842354187153,
      0.5257049320062037,
      0.4935651427708119,
      0.44707278528535105,
      0.4336617816395423,
      0.39194562998210736,
      0.3777511439961909,
      0.3953464855396271,
      0.4122908999591824
    ],
    "val_accuracy": [
      0.8694292415949961,
      0.9304143862392494,
      0.9304143862392494,
      0.9304143862392494,
      0.9304143862392494,
      0.9304143862392494,
      0.9304143862392494,
      0.9304143862392494,
      0.9304143862392494,
      0.9304143862392494,
      0.9304143862392494,
      0.9304143862392494
    ],
    "lr": [
      0.001,
      0.001,
      0.001,
      0.001,
      0.001,
      0.001,
      0.001,
      0.001,
      0.0005,
      0.0005,
      0.0005,
      0.0005
    ]
  },
  "test_metrics": {
    "loss": 0.5680626550689339,
    "accuracy": 0.8796875,
    "class_accuracy": {
      "0": 1.0,
      "1": 0.0,
      "2": 0.0
    },
    "n_samples": 1280,
    "confusion_matrix": [
      [
        1126,
        0,
        0
      ],
      [
        104,
        0,
        0
      ],
      [
        50,
        0,
        0
      ]
    ]
  },
  "regime_distribution": {
    "train": {
      "0.0": 5653,
      "2.0": 171,
      "1.0": 144
    },
    "val": {
      "0.0": 1190,
      "2.0": 54,
      "1.0": 35
    },
    "test": {
      "0.0": 1126,
      "1.0": 104,
      "2.0": 50
    }
  },
  "timestamp": "20251208_131539"
}