{
  "train_history": {
    "train_loss": [
      1.8362787140082129,
      1.4156662044512676,
      1.193884816073093,
      1.0468487196320917,
      0.9384907336358191,
      0.8413296931707301,
      0.7484621476332087,
      0.7070587972442711,
      0.6689876973453632,
      0.6259281579946996,
      0.6202944874490699,
      0.5977256138677806,
      0.5831603985590341,
      0.5739749072228588,
      0.5577960349290579,
      0.5584330873654613,
      0.5517815221326341,
      0.5442029054198401,
      0.5440215571482379,
      0.5397443753436095,
      0.5328752972714142,
      0.530616781940722,
      0.5286757732068997,
      0.5316630449315308,
      0.5240814083734733,
      0.5190541270746442,
      0.5166974484472346,
      0.5216278839867347,
      0.5181235514773618,
      0.5145287634929671
    ],
    "train_accuracy": [
      0.5859758090879372,
      0.6436744033998039,
      0.661817587446878,
      0.6667211507028441,
      0.6848643347499183,
      0.685518143184047,
      0.6997384766263485,
      0.7033344230140569,
      0.7139588100686499,
      0.7242562929061785,
      0.7317750898986597,
      0.7350441320693037,
      0.7391304347826086,
      0.7420725727361883,
      0.7422360248447205,
      0.7464857796665577,
      0.7492644655116051,
      0.7508989865969271,
      0.7531873161163779,
      0.7515527950310559,
      0.7561294540699575,
      0.7567832625040863,
      0.7546583850931677,
      0.7544949329846355,
      0.7543314808761034,
      0.7549852893102321,
      0.7618502778685845,
      0.7571101667211507,
      0.7590715920235371,
      0.7566198103955541
    ],
    "val_loss": [
      0.8618078033584025,
      0.7694526985344498,
      0.688658490879312,
      0.6684657647626078,
      0.6184734357940068,
      0.6129093223360093,
      0.5907386877807745,
      0.5746832634091468,
      0.570484571471458,
      0.5741086389434692,
      0.5640099664210909,
      0.5652170332218289,
      0.5607796418675932,
      0.5620371425861079,
      0.5571586346462608,
      0.5572600363321107,
      0.5553034358266471,
      0.5562639787713596,
      0.5526419715013875,
      0.5507516419269218,
      0.554249849349465,
      0.5531798347455686,
      0.5523773149894813,
      0.5556547413974386,
      0.5516709500964956,
      0.5545637087454603,
      0.5569104001914882,
      0.5580688536076215,
      0.5551753773614707,
      0.5575643769663586
    ],
    "val_accuracy": [
      0.7192982456140351,
      0.7353165522501907,
      0.7559115179252479,
      0.7551487414187643,
      0.7627765064836003,
      0.7574370709382151,
      0.7635392829900839,
      0.7704042715484363,
      0.7696414950419527,
      0.7719298245614035,
      0.7719298245614035,
      0.7719298245614035,
      0.7719298245614035,
      0.7719298245614035,
      0.7719298245614035,
      0.7719298245614035,
      0.7719298245614035,
      0.7719298245614035,
      0.7719298245614035,
      0.7719298245614035,
      0.7719298245614035,
      0.7719298245614035,
      0.7719298245614035,
      0.7734553775743707,
      0.7742181540808543,
      0.7734553775743707,
      0.7734553775743707,
      0.7726926010678871,
      0.7726926010678871,
      0.7726926010678871
    ],
    "lr": [
      0.001,
      0.001,
      0.001,
      0.001,
      0.001,
      0.001,
      0.001,
      0.001,
      0.001,
      0.001,
      0.001,
      0.001,
      0.001,
      0.001,
      0.001,
      0.001,
      0.001,
      0.001,
      0.001,
      0.001,
      0.001,
      0.001,
      0.001,
      0.001,
      0.001,
      0.001,
      0.0005,
      0.0005,
      0.0005,
      0.0005
    ]
  },
  "test_metrics": {
    "loss": 0.573127368601357,
    "accuracy": 0.7385670731707317,
    "class_accuracy": {
      "0": 0.0,
      "1": 0.9989690721649485
    },
    "n_samples": 1312,
    "precision": 0.7391304347826086,
    "recall": 0.9989690721649485,
    "f1": 0.8496273564226215
  },
  "timestamp": "20251208_134555"
}