{
  "train_history": {
    "train_loss": [
      2.332115764804357,
      1.8301630092820558,
      1.5901332792262513,
      1.4320956528621291,
      1.3460091813816148,
      1.2443887738694885,
      1.201151122550762,
      1.1417093313317017,
      1.083160303024522,
      1.0632967320872586,
      1.0150301383377465,
      1.0143872540150358,
      0.998234290251912,
      0.9794274681131124,
      0.963402436299384,
      0.948230364134645,
      0.9416223707540372,
      0.9214076195591092,
      0.9097172504153924,
      0.9128245210078791,
      0.8973467399380395,
      0.9040523003552274,
      0.8886839216556511,
      0.8810870989100518,
      0.8726617739325411,
      0.8520973788104048,
      0.8606562159407447,
      0.8505618765387336,
      0.8485191416629819,
      0.8368230592817404,
      0.8546446119024708,
      0.8372694195857342,
      0.8375388721190516,
      0.8322269843855467,
      0.8230838300851578,
      0.818526926974416,
      0.8086914265685085,
      0.8210870069016519
    ],
    "train_accuracy": [
      0.3992710404241219,
      0.46520874751491054,
      0.49039098740888004,
      0.5185553346587144,
      0.5323061630218688,
      0.5448972829688535,
      0.5589794565937707,
      0.5685884691848907,
      0.5874751491053678,
      0.5888005301524188,
      0.6025513585155732,
      0.6005632869449967,
      0.6111663353214049,
      0.6081842279655401,
      0.617296222664016,
      0.6278992710404241,
      0.6240888005301524,
      0.6298873426110007,
      0.6383366467859509,
      0.6361829025844931,
      0.6439695162359178,
      0.640987408880053,
      0.6464546056991385,
      0.6481113320079522,
      0.653247183565275,
      0.6611994698475812,
      0.660702451954937,
      0.661530815109344,
      0.6671636845593109,
      0.6638502319416832,
      0.6610337972166997,
      0.6762756792577866,
      0.6769383697813122,
      0.6761100066269052,
      0.6756129887342611,
      0.6769383697813122,
      0.6746189529489728,
      0.681245858184228
    ],
    "val_loss": [
      1.0043663861487877,
      0.829539363133474,
      0.6779954709106882,
      0.6227922359825748,
      0.5901174985523475,
      0.5453234751927051,
      0.5548451689676268,
      0.5490279764928102,
      0.5387397337033596,
      0.5360536597674886,
      0.5437200416545027,
      0.5191586240031234,
      0.5307627775276343,
      0.5248229626482619,
      0.5179236038931562,
      0.514800983234053,
      0.5147425521968966,
      0.5045488582317532,
      0.4975940800183334,
      0.48929017335061226,
      0.4966545168826125,
      0.5142108901055948,
      0.5168063856793851,
      0.5036686973708228,
      0.5128636889833862,
      0.4988380283555225,
      0.4915981247548622,
      0.4853538105585551,
      0.4987230851312801,
      0.4893637199505115,
      0.48655388715741066,
      0.49221364942891416,
      0.49072211478352085,
      0.5025961082846456,
      0.4953047750720845,
      0.49261007231515413,
      0.4935672988471188,
      0.4909059574506307
    ],
    "val_accuracy": [
      0.5529775715390565,
      0.5993812838360402,
      0.665893271461717,
      0.6991492652745553,
      0.7215777262180975,
      0.7548337200309359,
      0.7610208816705336,
      0.765661252900232,
      0.7819025522041764,
      0.7811291569992266,
      0.765661252900232,
      0.785769528228925,
      0.7733952049497294,
      0.7679814385150812,
      0.765661252900232,
      0.7757153905645785,
      0.7811291569992266,
      0.782675947409126,
      0.7780355761794276,
      0.785769528228925,
      0.7811291569992266,
      0.7780355761794276,
      0.7842227378190255,
      0.785769528228925,
      0.7811291569992266,
      0.782675947409126,
      0.7849961330239753,
      0.7819025522041764,
      0.7842227378190255,
      0.785769528228925,
      0.7795823665893271,
      0.782675947409126,
      0.7842227378190255,
      0.7764887857695282,
      0.7803557617942769,
      0.7873163186388245,
      0.7834493426140758,
      0.7811291569992266
    ],
    "lr": [
      0.001,
      0.001,
      0.001,
      0.001,
      0.001,
      0.001,
      0.001,
      0.001,
      0.001,
      0.001,
      0.001,
      0.001,
      0.001,
      0.001,
      0.001,
      0.001,
      0.001,
      0.001,
      0.001,
      0.001,
      0.001,
      0.001,
      0.001,
      0.001,
      0.001,
      0.001,
      0.0005,
      0.0005,
      0.0005,
      0.0005,
      0.0005,
      0.0005,
      0.0005,
      0.0005,
      0.00025,
      0.00025,
      0.00025,
      0.00025
    ]
  },
  "test_metrics": {
    "loss": 0.762981617607326,
    "accuracy": 0.6468315301391035,
    "class_accuracy": {
      "0": 0.9415094339622642,
      "1": 0.3606837606837607,
      "2": 0.7094972067039106,
      "3": 0.0
    },
    "n_samples": 1294
  },
  "timestamp": "20251208_133859"
}