{
  "train_history": {
    "train_loss": [
      2.483792188134959,
      0.3990174542192592,
      0.06157646569000293,
      0.03130432975829141,
      0.01599277100682358,
      0.01060434604203429,
      0.006646945268304867,
      0.00511653424980544,
      0.004846503331717855,
      0.003598174881682878,
      0.003121316085378971,
      0.0018987466629274065,
      0.001985142770413741,
      0.0015690767907247446,
      0.001685930012045031
    ],
    "train_accuracy": [
      0.49949604031677464,
      0.8732901367890569,
      0.978113750899928,
      0.9896328293736502,
      0.9943844492440604,
      0.9965442764578833,
      0.9978401727861771,
      0.9984161267098632,
      0.9991360691144708,
      0.9989920806335493,
      0.9992800575953924,
      0.999712023038157,
      0.9995680345572354,
      0.9998560115190784,
      0.9998560115190784
    ],
    "val_loss": [
      0.1591536903413393,
      0.004474452000752252,
      0.0012935829882119452,
      0.00025483196609408186,
      8.586768460865583e-05,
      6.717668434101788e-05,
      4.131435854369849e-05,
      2.9307951599450892e-05,
      2.4279071415852133e-05,
      1.5607058729426258e-05,
      1.5494398672104892e-05,
      1.1091934793121156e-05,
      8.053264683703968e-06,
      6.114866586338844e-06,
      6.303543313474473e-06
    ],
    "val_accuracy": [
      0.9637096774193549,
      1.0,
      1.0,
      1.0,
      1.0,
      1.0,
      1.0,
      1.0,
      1.0,
      1.0,
      1.0,
      1.0,
      1.0,
      1.0,
      1.0
    ],
    "lr": [
      0.001,
      0.001,
      0.001,
      0.001,
      0.001,
      0.001,
      0.001,
      0.001,
      0.001,
      0.001,
      0.001,
      0.001,
      0.001,
      0.001,
      0.001
    ]
  },
  "test_metrics": {
    "loss": 5.00308931480243e-06,
    "accuracy": 1.0,
    "class_accuracy": {
      "0": 1.0,
      "1": 0.0,
      "2": 0.0
    },
    "n_samples": 1489,
    "confusion_matrix": [
      [
        1489,
        0,
        0
      ],
      [
        0,
        0,
        0
      ],
      [
        0,
        0,
        0
      ]
    ]
  },
  "regime_distribution": {
    "train": {
      "0.0": 6945
    },
    "val": {
      "0.0": 1488
    },
    "test": {
      "0.0": 1489
    }
  },
  "timestamp": "20251208_131659"
}