{
  "train_history": {
    "train_loss": [
      1.906174787862428,
      1.474891744356757,
      1.2982671775627697,
      1.0901264309220626,
      1.0214791636562066,
      0.898883134720956,
      0.8493475385568001,
      0.7593328953958407,
      0.7025712406802855,
      0.6690590866409356,
      0.6442241297511736,
      0.6186663735025886,
      0.602722956780399,
      0.5968416709454085,
      0.5785943810438634,
      0.5730843751911402,
      0.5699255498806298,
      0.5641042824545963,
      0.5607530223306155
    ],
    "train_accuracy": [
      0.5732265446224256,
      0.625040863027133,
      0.6341941811049363,
      0.6525008172605427,
      0.6502124877410919,
      0.6605099705786205,
      0.6655769859431186,
      0.6837201699901929,
      0.6969597907813011,
      0.6956521739130435,
      0.7105263157894737,
      0.7169009480222295,
      0.7276887871853547,
      0.7252370055573717,
      0.7319385420071919,
      0.7361882968290291,
      0.7347172278522393,
      0.7348806799607714,
      0.7324288983327885
    ],
    "val_loss": [
      0.622671471671418,
      0.5492689285134651,
      0.5289178159653367,
      0.5352009649180347,
      0.5196113338641407,
      0.5201333248369754,
      0.4872163752851188,
      0.483007605320438,
      0.4819368869179901,
      0.48191380089335,
      0.4882539696224221,
      0.4847551193244579,
      0.4862970204911643,
      0.49244065895324257,
      0.4904304406144617,
      0.49210157569904167,
      0.4947337059916475,
      0.49290434187555204,
      0.49164518548003777
    ],
    "val_accuracy": [
      0.7810831426392068,
      0.8108314263920672,
      0.8009153318077803,
      0.8009153318077803,
      0.8039664378337147,
      0.8070175438596491,
      0.8062547673531655,
      0.8085430968726163,
      0.8093058733790999,
      0.8070175438596491,
      0.8093058733790999,
      0.8093058733790999,
      0.8093058733790999,
      0.8093058733790999,
      0.8093058733790999,
      0.8093058733790999,
      0.8093058733790999,
      0.8093058733790999,
      0.8085430968726163
    ],
    "lr": [
      0.001,
      0.001,
      0.001,
      0.001,
      0.001,
      0.001,
      0.001,
      0.001,
      0.001,
      0.001,
      0.001,
      0.001,
      0.001,
      0.001,
      0.001,
      0.0005,
      0.0005,
      0.0005,
      0.0005
    ]
  },
  "test_metrics": {
    "loss": 0.5024492151853515,
    "accuracy": 0.8079268292682927,
    "class_accuracy": {
      "0": 0.0,
      "1": 0.9981167608286252
    },
    "n_samples": 1312,
    "precision": 0.8091603053435115,
    "recall": 0.9981167608286252,
    "f1": 0.8937605396290051
  },
  "timestamp": "20251208_134713"
}