{
  "train_history": {
    "train_loss": [
      2.4456720740364117,
      0.3684268814499907,
      0.08617971387059985,
      0.032393640324982244,
      0.02037146607854212,
      0.01640411465748706,
      0.01623421607385472,
      0.012942895092217372,
      0.0107174628648472,
      0.01101400912289195,
      0.010642751256820142,
      0.008878651260882869
    ],
    "train_accuracy": [
      0.5013706535853413,
      0.8812581157120185,
      0.9733083249170393,
      0.9907661232145434,
      0.995238782282499,
      0.9968258548549993,
      0.99581589958159,
      0.9979800894531814,
      0.9982686481027269,
      0.9982686481027269,
      0.9979800894531814,
      0.9987014860770451
    ],
    "val_loss": [
      0.7598082651638172,
      0.0810638158000699,
      0.09080093269381707,
      0.09096144596341907,
      0.09635775817031898,
      0.09999386544480071,
      0.10193865089868427,
      0.10418744989812552,
      0.10494500681855079,
      0.10648153722707095,
      0.10528399912464156,
      0.10605816562496612
    ],
    "val_accuracy": [
      0.8316498316498316,
      0.9892255892255892,
      0.9912457912457913,
      0.9912457912457913,
      0.9912457912457913,
      0.9912457912457913,
      0.9912457912457913,
      0.9912457912457913,
      0.9912457912457913,
      0.9912457912457913,
      0.9912457912457913,
      0.9912457912457913
    ],
    "lr": [
      0.001,
      0.001,
      0.001,
      0.001,
      0.001,
      0.001,
      0.001,
      0.001,
      0.0005,
      0.0005,
      0.0005,
      0.0005
    ]
  },
  "test_metrics": {
    "loss": 0.01998264331312306,
    "accuracy": 0.9973082099596231,
    "class_accuracy": {
      "0": 0.9986522911051213,
      "1": 0.0,
      "2": 0.0
    },
    "n_samples": 1486,
    "confusion_matrix": [
      [
        1482,
        1,
        1
      ],
      [
        0,
        0,
        0
      ],
      [
        2,
        0,
        0
      ]
    ]
  },
  "regime_distribution": {
    "train": {
      "0.0": 6926,
      "1.0": 5
    },
    "val": {
      "0.0": 1472,
      "1.0": 13
    },
    "test": {
      "0.0": 1484,
      "2.0": 2
    }
  },
  "timestamp": "20251208_131508"
}