{
  "train_history": {
    "train_loss": [
      2.7832995149659814,
      2.2054381811685055,
      1.8260399188703866,
      1.5915004889066409,
      1.399710626822743,
      1.285415618335472,
      1.2018540938058762,
      1.1460851226105493,
      1.081825606162036,
      1.0522063164081243,
      1.0149725341414968,
      0.9968791840590071,
      0.9779560299783253,
      0.9752356358780975,
      0.9680304331068667,
      0.9612981645684493,
      0.9461487067918756,
      0.9392481231931067,
      0.9315914454979225,
      0.9238279494595473,
      0.9216144097985376
    ],
    "train_accuracy": [
      0.3620464203988231,
      0.39947695325269694,
      0.411735861392612,
      0.43135011441647597,
      0.44033998038574695,
      0.4529257927427264,
      0.4560313828048382,
      0.46485779666557697,
      0.4856162144491664,
      0.4906832298136646,
      0.5109512912716574,
      0.5222294867603792,
      0.5317097090552468,
      0.5421706440013077,
      0.5470742072572736,
      0.5454396861719516,
      0.5630925138934292,
      0.564563582870219,
      0.5715920235371036,
      0.576005230467473,
      0.5797646289637136
    ],
    "val_loss": [
      1.7555925766081413,
      1.6297044439410364,
      1.561649167201248,
      1.4996464085160641,
      1.4425452124699667,
      1.454997388212668,
      1.4131967970471997,
      1.3759672624477441,
      1.3951806252826542,
      1.4364983202572728,
      1.368188982788249,
      1.386356790587704,
      1.4303845869139984,
      1.497869228425597,
      1.5574326660685827,
      1.6294601974734635,
      1.6898406957688903,
      1.6712517112743572,
      1.756468211122363,
      1.7734665061389099,
      1.7828164311604677
    ],
    "val_accuracy": [
      0.41876430205949655,
      0.43173150266971777,
      0.4454614797864226,
      0.43707093821510296,
      0.4424103737604882,
      0.429443173150267,
      0.4286803966437834,
      0.4271548436308162,
      0.42028985507246375,
      0.425629290617849,
      0.4263920671243326,
      0.43859649122807015,
      0.43401983218916856,
      0.4309687261632342,
      0.425629290617849,
      0.429443173150267,
      0.4233409610983982,
      0.4302059496567506,
      0.4263920671243326,
      0.42181540808543094,
      0.4241037376048818
    ],
    "lr": [
      0.001,
      0.001,
      0.001,
      0.001,
      0.001,
      0.001,
      0.001,
      0.001,
      0.001,
      0.001,
      0.001,
      0.001,
      0.001,
      0.001,
      0.001,
      0.001,
      0.001,
      0.0005,
      0.0005,
      0.0005,
      0.0005
    ]
  },
  "test_metrics": {
    "loss": 3.308121160763066,
    "accuracy": 0.3757621951219512,
    "class_accuracy": {
      "0": 0.0,
      "1": 0.01348747591522158,
      "2": 0.9838056680161943
    },
    "n_samples": 1312,
    "confusion_matrix": [
      [
        0,
        5,
        294
      ],
      [
        0,
        7,
        512
      ],
      [
        0,
        8,
        486
      ]
    ]
  },
  "regime_distribution": {
    "train": {
      "2.0": 2656,
      "1.0": 2318,
      "0.0": 1144
    },
    "val": {
      "1.0": 556,
      "2.0": 513,
      "0.0": 242
    },
    "test": {
      "1.0": 519,
      "2.0": 494,
      "0.0": 299
    }
  },
  "timestamp": "20251208_131620"
}