{
  "train_history": {
    "train_loss": [
      2.72761168678569,
      2.146153787442733,
      1.8745383169292447,
      1.6211727920352035,
      1.464330409166362,
      1.3449431569220023,
      1.225026861964747,
      1.146908498658926,
      1.0866780214003116,
      1.0642119044258065,
      1.027556417495555,
      1.0100425203569565,
      0.9877363022612963,
      0.9814547639763588,
      0.9576252682670054,
      0.9589347880414926,
      0.9489462364887202,
      0.9368647560538357,
      0.9345313135240632,
      0.9329435028794438
    ],
    "train_accuracy": [
      0.3847793997047728,
      0.41069378382811217,
      0.41463014597342956,
      0.42971953419714615,
      0.44300475643759224,
      0.43710021321961623,
      0.4535017221584386,
      0.46285058225356734,
      0.4840085287846482,
      0.4910611776283418,
      0.5113990487124815,
      0.5230441200590454,
      0.5294407085451862,
      0.5358372970313269,
      0.5460062325733968,
      0.5625717566016073,
      0.5556831228473019,
      0.5606035755289487,
      0.5724126619649008,
      0.5719206166967361
    ],
    "val_loss": [
      1.6317970092367742,
      1.5319305050436922,
      1.374907887474489,
      1.3460440252606158,
      1.3322977049257707,
      1.3081279735849756,
      1.3326945835703097,
      1.3005905847286758,
      1.317068565502911,
      1.279084135944276,
      1.3501544732033248,
      1.339376932168244,
      1.3425950113835003,
      1.3511044335164637,
      1.414561250963189,
      1.394313363693284,
      1.4217731819503072,
      1.4738595081634347,
      1.46685763078513,
      1.5110313893276586
    ],
    "val_accuracy": [
      0.34506503442999237,
      0.3657230298393267,
      0.3817903596021423,
      0.4070390206579954,
      0.4131599081866871,
      0.42081101759755163,
      0.4162203519510329,
      0.4131599081866871,
      0.42157612853863813,
      0.41928079571537874,
      0.42157612853863813,
      0.41928079571537874,
      0.42157612853863813,
      0.4322876817138485,
      0.4299923488905891,
      0.42769701606732974,
      0.42846212700841624,
      0.42846212700841624,
      0.4338179035960214,
      0.43075745983167557
    ],
    "lr": [
      0.001,
      0.001,
      0.001,
      0.001,
      0.001,
      0.001,
      0.001,
      0.001,
      0.001,
      0.001,
      0.001,
      0.001,
      0.001,
      0.001,
      0.001,
      0.001,
      0.0005,
      0.0005,
      0.0005,
      0.0005
    ]
  },
  "test_metrics": {
    "loss": 1.5011164707451625,
    "accuracy": 0.3925019127773527,
    "class_accuracy": {
      "0": 0.003424657534246575,
      "1": 0.7064017660044151,
      "2": 0.3416370106761566
    },
    "n_samples": 1307,
    "confusion_matrix": [
      [
        1,
        206,
        85
      ],
      [
        1,
        320,
        132
      ],
      [
        0,
        370,
        192
      ]
    ]
  },
  "regime_distribution": {
    "train": {
      "2.0": 2490,
      "1.0": 2461,
      "0.0": 1146
    },
    "val": {
      "2.0": 529,
      "1.0": 495,
      "0.0": 283
    },
    "test": {
      "2.0": 562,
      "1.0": 453,
      "0.0": 292
    }
  },
  "timestamp": "20251208_131921"
}