{
  "train_history": {
    "train_loss": [
      2.662764124132859,
      0.5739756620063069,
      0.1901800873253597,
      0.10978353269847395,
      0.08638267592389044,
      0.07042061195856504,
      0.07466881593590453,
      0.06306211602462757,
      0.06727717355043819,
      0.06592649394456483,
      0.06168430315792624,
      0.05319144886821938
    ],
    "train_accuracy": [
      0.4711664482306684,
      0.8309305373525557,
      0.9479030144167759,
      0.9801769331585846,
      0.9886959370904325,
      0.9900065530799476,
      0.9908256880733946,
      0.9911533420707732,
      0.9908256880733946,
      0.9909895150720839,
      0.990170380078637,
      0.992300131061599
    ],
    "val_loss": [
      0.19832379787744503,
      0.1116857479535761,
      0.13733662254667572,
      0.15318111503516993,
      0.16942518809846438,
      0.1732013467290406,
      0.18536136527162733,
      0.19554446915570237,
      0.1988161750103896,
      0.2052489032479618,
      0.2059343272128326,
      0.2138974966453804
    ],
    "val_accuracy": [
      0.959480122324159,
      0.9885321100917431,
      0.9885321100917431,
      0.9885321100917431,
      0.9885321100917431,
      0.9885321100917431,
      0.9885321100917431,
      0.9885321100917431,
      0.9885321100917431,
      0.9885321100917431,
      0.9885321100917431,
      0.9885321100917431
    ],
    "lr": [
      0.001,
      0.001,
      0.001,
      0.001,
      0.001,
      0.001,
      0.001,
      0.001,
      0.0005,
      0.0005,
      0.0005,
      0.0005
    ]
  },
  "test_metrics": {
    "loss": 0.9860506346748305,
    "accuracy": 0.9327217125382263,
    "class_accuracy": {
      "0": 0.9682539682539683,
      "1": 0.0,
      "2": 0.0
    },
    "n_samples": 1308,
    "confusion_matrix": [
      [
        1220,
        0,
        40
      ],
      [
        41,
        0,
        2
      ],
      [
        5,
        0,
        0
      ]
    ]
  },
  "regime_distribution": {
    "train": {
      "0.0": 6065,
      "1.0": 37,
      "2.0": 2
    },
    "val": {
      "0.0": 1293,
      "1.0": 15
    },
    "test": {
      "0.0": 1260,
      "1.0": 43,
      "2.0": 5
    }
  },
  "timestamp": "20251208_131903"
}