{
  "train_history": {
    "train_loss": [
      2.9655901689707123,
      2.327025868644041,
      1.9521464970268507,
      1.7438296914373437,
      1.5683321878776788,
      1.4019378585806077,
      1.2827848055737594,
      1.2038797536056858,
      1.15795433024403,
      1.1179388193727202,
      1.089503348458238,
      1.0699944099439986,
      1.050184170203725,
      1.035634524197156,
      1.0172365910868975,
      1.0079317875998048,
      1.0162867638323578,
      0.9985038793605306,
      0.9898769583293682,
      0.9910649104264875,
      0.9860913026134108,
      0.9873057046175081
    ],
    "train_accuracy": [
      0.35599869238313175,
      0.37790127492644654,
      0.39735207584177834,
      0.3922850604772802,
      0.39604445897352075,
      0.4042170644001308,
      0.41762013729977115,
      0.41533180778032036,
      0.43249427917620137,
      0.44458973520758416,
      0.45194508009153317,
      0.46387708401438377,
      0.4679633867276888,
      0.47466492317750897,
      0.4798953906505394,
      0.4906832298136646,
      0.4944426283099052,
      0.5014710689767898,
      0.5039228506047728,
      0.5102974828375286,
      0.5094802222948676,
      0.5045766590389016
    ],
    "val_loss": [
      1.8367465749030618,
      1.758292287838177,
      1.6156974486228075,
      1.5360420459467978,
      1.4139429471767375,
      1.3943835594197613,
      1.3618989470894332,
      1.3398181373703852,
      1.322495202450785,
      1.324909059624923,
      1.3241699368420854,
      1.2790621514542242,
      1.284777019062086,
      1.2883076732345977,
      1.3144608831514755,
      1.3329989270887512,
      1.3414839492509785,
      1.3503851195858418,
      1.3810741385824348,
      1.3748507077779413,
      1.385183444557801,
      1.3907713707306293
    ],
    "val_accuracy": [
      0.3340961098398169,
      0.34401220442410374,
      0.33714721586575136,
      0.33867276887871856,
      0.3310450038138825,
      0.34096109839816935,
      0.3531655225019069,
      0.3485888634630053,
      0.34553775743707094,
      0.3302822273073989,
      0.3318077803203661,
      0.34096109839816935,
      0.3524027459954233,
      0.35469107551487417,
      0.36308161708619374,
      0.35392829900839057,
      0.35545385202135776,
      0.35469107551487417,
      0.35697940503432496,
      0.35697940503432496,
      0.36079328756674295,
      0.36003051106025935
    ],
    "lr": [
      0.001,
      0.001,
      0.001,
      0.001,
      0.001,
      0.001,
      0.001,
      0.001,
      0.001,
      0.001,
      0.001,
      0.001,
      0.001,
      0.001,
      0.001,
      0.001,
      0.001,
      0.001,
      0.0005,
      0.0005,
      0.0005,
      0.0005
    ]
  },
  "test_metrics": {
    "loss": 1.3400439140273304,
    "accuracy": 0.33003048780487804,
    "class_accuracy": {
      "0": 0.04567307692307692,
      "1": 0.6289156626506024,
      "2": 0.3180873180873181
    },
    "n_samples": 1312,
    "confusion_matrix": [
      [
        19,
        271,
        126
      ],
      [
        16,
        261,
        138
      ],
      [
        12,
        316,
        153
      ]
    ]
  },
  "regime_distribution": {
    "train": {
      "1.0": 2375,
      "2.0": 2110,
      "0.0": 1633
    },
    "val": {
      "2.0": 474,
      "1.0": 429,
      "0.0": 408
    },
    "test": {
      "2.0": 481,
      "0.0": 416,
      "1.0": 415
    }
  },
  "timestamp": "20251208_131553"
}