{
  "train_history": {
    "train_loss": [
      2.7102057278635674,
      0.7181814842665164,
      0.3224847531570346,
      0.2214257192795462,
      0.2178592042318338,
      0.1970494047254224,
      0.20251593073510413,
      0.18899119391490582,
      0.18111912457986507,
      0.15214115137704984,
      0.1441140888014124,
      0.15695269916040558
    ],
    "train_accuracy": [
      0.46162868632707776,
      0.8007707774798928,
      0.9281166219839142,
      0.9648123324396782,
      0.9695040214477212,
      0.9718498659517426,
      0.974195710455764,
      0.9755361930294906,
      0.9767091152815014,
      0.9773793565683646,
      0.9767091152815014,
      0.9768766756032171
    ],
    "val_loss": [
      0.12033577101702705,
      0.11381695522912913,
      0.1592422579105445,
      0.17610767279597592,
      0.18178852585562488,
      0.18121534108682935,
      0.17749465438766898,
      0.18197702828084553,
      0.17977538709542626,
      0.17632058706121406,
      0.18202189711425587,
      0.19697443181402868
    ],
    "val_accuracy": [
      0.9827990617670055,
      0.9827990617670055,
      0.9827990617670055,
      0.9827990617670055,
      0.9827990617670055,
      0.9827990617670055,
      0.9827990617670055,
      0.9827990617670055,
      0.9827990617670055,
      0.9827990617670055,
      0.9827990617670055,
      0.9827990617670055
    ],
    "lr": [
      0.001,
      0.001,
      0.001,
      0.001,
      0.001,
      0.001,
      0.001,
      0.001,
      0.0005,
      0.0005,
      0.0005,
      0.0005
    ]
  },
  "test_metrics": {
    "loss": 0.3373923413699422,
    "accuracy": 0.9507427677873339,
    "class_accuracy": {
      "0": 1.0,
      "1": 0.0,
      "2": 0.0
    },
    "n_samples": 1279,
    "confusion_matrix": [
      [
        1216,
        0,
        0
      ],
      [
        44,
        0,
        0
      ],
      [
        19,
        0,
        0
      ]
    ]
  },
  "regime_distribution": {
    "train": {
      "0.0": 5847,
      "1.0": 61,
      "2.0": 60
    },
    "val": {
      "0.0": 1257,
      "2.0": 13,
      "1.0": 9
    },
    "test": {
      "0.0": 1216,
      "1.0": 44,
      "2.0": 19
    }
  },
  "timestamp": "20251208_131512"
}