{
  "train_history": {
    "train_loss": [
      3.201121176312835,
      2.5761540439320405,
      2.244422655026338,
      2.008816805704809,
      1.9680282825908502,
      1.87671597697398,
      1.7629968047472249,
      1.673365973897918,
      1.551219400870833,
      1.5211259607463001,
      1.4824364193258524,
      1.3569939168866652,
      1.30052853568439,
      1.2474889708357835,
      1.3305568726109005,
      1.2125109655374966,
      1.186763269551243,
      1.1086770588010961,
      1.1531205653814067,
      1.0993539399057215,
      1.0261575882454659,
      1.0406725147754532,
      1.0208800618668343,
      0.9804584672576503,
      0.9360795302074041,
      0.9048346071692385,
      0.8976857353775786,
      0.9024184277513351,
      0.9016404974163404,
      0.908431794372622
    ],
    "train_accuracy": [
      0.3473684210526316,
      0.4022160664819945,
      0.4332409972299169,
      0.4592797783933518,
      0.4714681440443213,
      0.45263157894736844,
      0.4930747922437673,
      0.49141274238227145,
      0.506371191135734,
      0.5113573407202217,
      0.5141274238227147,
      0.525207756232687,
      0.5185595567867036,
      0.5362880886426593,
      0.5246537396121884,
      0.535180055401662,
      0.5556786703601108,
      0.571191135734072,
      0.5573407202216066,
      0.561218836565097,
      0.5911357340720221,
      0.5778393351800554,
      0.5778393351800554,
      0.5822714681440443,
      0.6016620498614959,
      0.614404432132964,
      0.6116343490304709,
      0.6116343490304709,
      0.6132963988919667,
      0.6022160664819944
    ],
    "val_loss": [
      1.9161779020250458,
      2.0082270533768174,
      1.9018768231893324,
      2.065479917624562,
      1.9588751645432305,
      1.9642334869227458,
      1.926353312030281,
      1.8831806920238376,
      1.811750200605884,
      1.751337410248432,
      1.7841287445776242,
      1.7766524000266164,
      1.7308304039473386,
      1.777342550533334,
      1.7993346637057275,
      1.7424624973965674,
      1.777361683009826,
      1.7298900122495042,
      1.6839776776500583,
      1.6502946873301083,
      1.6588593463307804,
      1.7296141545797132,
      1.746679561654317,
      1.744584004903577,
      1.7849718418317972,
      1.7767408262823046,
      1.8111138884554203,
      1.8407731842748898,
      1.8607373188451393,
      1.8970065067723854
    ],
    "val_accuracy": [
      0.32216494845360827,
      0.33505154639175255,
      0.3402061855670103,
      0.3402061855670103,
      0.35051546391752575,
      0.35309278350515466,
      0.3556701030927835,
      0.37371134020618557,
      0.37371134020618557,
      0.37628865979381443,
      0.3917525773195876,
      0.3711340206185567,
      0.35309278350515466,
      0.3788659793814433,
      0.3582474226804124,
      0.36597938144329895,
      0.3479381443298969,
      0.34536082474226804,
      0.3479381443298969,
      0.36597938144329895,
      0.3865979381443299,
      0.38144329896907214,
      0.37628865979381443,
      0.3634020618556701,
      0.36597938144329895,
      0.38144329896907214,
      0.38144329896907214,
      0.38144329896907214,
      0.38144329896907214,
      0.37371134020618557
    ],
    "lr": [
      0.001,
      0.001,
      0.001,
      0.001,
      0.001,
      0.001,
      0.001,
      0.001,
      0.001,
      0.001,
      0.001,
      0.001,
      0.001,
      0.001,
      0.001,
      0.001,
      0.001,
      0.001,
      0.001,
      0.001,
      0.001,
      0.001,
      0.001,
      0.001,
      0.001,
      0.001,
      0.0005,
      0.0005,
      0.0005,
      0.0005
    ]
  },
  "test_metrics": {
    "loss": 1.962106002393619,
    "accuracy": 0.40568475452196384,
    "class_accuracy": {
      "0": 0.018867924528301886,
      "1": 0.29347826086956524,
      "2": 0.68
    },
    "n_samples": 387,
    "confusion_matrix": [
      [
        1,
        15,
        37
      ],
      [
        4,
        54,
        126
      ],
      [
        0,
        48,
        102
      ]
    ]
  },
  "regime_distribution": {
    "train": {
      "2.0": 820,
      "1.0": 725,
      "0.0": 260
    },
    "val": {
      "1.0": 191,
      "2.0": 135,
      "0.0": 62
    },
    "test": {
      "1.0": 184,
      "2.0": 150,
      "0.0": 53
    }
  },
  "timestamp": "20251208_131859"
}