{
  "train_history": {
    "train_loss": [
      2.256203223853216,
      1.6616468368356763,
      1.4596187163938366,
      1.3121067689200017,
      1.2323965872792455,
      1.1381565498866832,
      1.0796840511199683,
      1.0596306927481245,
      1.0199288664742707,
      0.9924774342181956,
      0.9690928126160847,
      0.9440166715527006,
      0.9076781769052322,
      0.9015386154524895,
      0.899527426342258,
      0.8772050376224384,
      0.8697542591183143,
      0.880040286790622,
      0.8526588692628887,
      0.8287013266490831,
      0.8266266156427731,
      0.821952355833992,
      0.8196861770422875
    ],
    "train_accuracy": [
      0.4104342083539706,
      0.49826646854878653,
      0.5293049364371801,
      0.5580320290572891,
      0.5712398877332012,
      0.5884101040118871,
      0.5963348192174344,
      0.5984810962522701,
      0.607066204391613,
      0.6258874030047878,
      0.6225854383358098,
      0.6293544659072148,
      0.6432227175169226,
      0.6432227175169226,
      0.6437180122172693,
      0.662704309063893,
      0.6589070496945683,
      0.6552748885586924,
      0.6686478454680534,
      0.6788839359418855,
      0.676242364206703,
      0.6823509988443124,
      0.6891200264157173
    ],
    "val_loss": [
      0.8804775190830966,
      0.6220829872578061,
      0.5206306052318156,
      0.4843462337789991,
      0.48199232214220866,
      0.4669273801044617,
      0.464619856310552,
      0.45566613244349125,
      0.4323417570998746,
      0.43007283410967223,
      0.42232560629286275,
      0.42449744475089896,
      0.4085665521066986,
      0.4126110798772568,
      0.4117294163751676,
      0.4277701496343216,
      0.4287062594078722,
      0.43043792803408737,
      0.43475685859865326,
      0.4348477384158753,
      0.43479700292387435,
      0.4345378792616546,
      0.42407774208874105
    ],
    "val_accuracy": [
      0.687211093990755,
      0.7534668721109399,
      0.7781201848998459,
      0.8097072419106317,
      0.8058551617873652,
      0.8058551617873652,
      0.8204930662557781,
      0.8158705701078582,
      0.8320493066255779,
      0.8228043143297381,
      0.8281972265023112,
      0.8382126348228043,
      0.8443759630200308,
      0.8343605546995377,
      0.8366718027734977,
      0.8335901386748844,
      0.8382126348228043,
      0.8459167950693375,
      0.8366718027734977,
      0.8405238828967643,
      0.8389830508474576,
      0.8351309707241911,
      0.8359013867488444
    ],
    "lr": [
      0.001,
      0.001,
      0.001,
      0.001,
      0.001,
      0.001,
      0.001,
      0.001,
      0.001,
      0.001,
      0.001,
      0.001,
      0.001,
      0.001,
      0.001,
      0.001,
      0.001,
      0.001,
      0.001,
      0.0005,
      0.0005,
      0.0005,
      0.0005
    ]
  },
  "test_metrics": {
    "loss": 0.4695840043995891,
    "accuracy": 0.7742681047765794,
    "class_accuracy": {
      "0": 0.9955555555555555,
      "1": 0.5887681159420289,
      "2": 0.1568627450980392,
      "3": 0.0
    },
    "n_samples": 1298
  },
  "timestamp": "20251208_133751"
}