{
  "train_history": {
    "train_loss": [
      2.431710994269332,
      0.3669642418922922,
      0.09414778074221505,
      0.052065007745587595,
      0.041257992068387296,
      0.03183463909068211,
      0.032395545651551706,
      0.020770108307317424,
      0.03176405424645546,
      0.021388878885139045,
      0.020610030169922144,
      0.016579343768982933,
      0.017338239642494178,
      0.01750444240106831,
      0.018363018618240207,
      0.015401502923761601
    ],
    "train_accuracy": [
      0.5033788641265277,
      0.8818116462976276,
      0.9739755571531272,
      0.9897915168943207,
      0.991804457225018,
      0.9953989935298346,
      0.9958303378864126,
      0.9971243709561467,
      0.9966930265995687,
      0.9972681524083393,
      0.997411933860532,
      0.9978432782171099,
      0.9976994967649173,
      0.997411933860532,
      0.9976994967649173,
      0.9975557153127247
    ],
    "val_loss": [
      0.24757176325625221,
      0.0064260436059444545,
      0.0004932013598126953,
      0.00016072139377555742,
      6.945333649652804e-05,
      4.2619214892456145e-05,
      3.49409741487908e-05,
      2.6407147335410494e-05,
      2.366546643755302e-05,
      2.5128196057572104e-05,
      3.300352718541633e-05,
      4.716417598263665e-05,
      4.502081606646878e-05,
      7.9754117137513e-05,
      0.00014493376831109002,
      0.0001983337294276735
    ],
    "val_accuracy": [
      0.9369127516778524,
      0.9986577181208054,
      1.0,
      1.0,
      1.0,
      1.0,
      1.0,
      1.0,
      1.0,
      1.0,
      1.0,
      1.0,
      1.0,
      1.0,
      1.0,
      1.0
    ],
    "lr": [
      0.001,
      0.001,
      0.001,
      0.001,
      0.001,
      0.001,
      0.001,
      0.001,
      0.001,
      0.001,
      0.001,
      0.001,
      0.001,
      0.001,
      0.001,
      0.0005
    ]
  },
  "test_metrics": {
    "loss": 0.009239059619205538,
    "accuracy": 0.9993293091884641,
    "class_accuracy": {
      "0": 1.0,
      "1": 0.0,
      "2": 0.0
    },
    "n_samples": 1491,
    "confusion_matrix": [
      [
        1490,
        0,
        0
      ],
      [
        0,
        0,
        0
      ],
      [
        1,
        0,
        0
      ]
    ]
  },
  "regime_distribution": {
    "train": {
      "0.0": 6941,
      "2.0": 14
    },
    "val": {
      "0.0": 1490
    },
    "test": {
      "0.0": 1490,
      "2.0": 1
    }
  },
  "timestamp": "20251208_131749"
}