{
  "train_history": {
    "train_loss": [
      2.4886835854253464,
      0.40414942719536434,
      0.10537378622186543,
      0.06225472958087381,
      0.048964574434631696,
      0.04236715311690181,
      0.03958481112544639,
      0.04455490483583647,
      0.03827357669976592,
      0.037857811385027085,
      0.033192086310266974,
      0.03395293037999778
    ],
    "train_accuracy": [
      0.4920155373327579,
      0.8752697453603798,
      0.9720903467127032,
      0.9884908646237951,
      0.9922313336210618,
      0.9939577039274925,
      0.9946770248885053,
      0.9949647532729103,
      0.9961156668105309,
      0.9958279384261257,
      0.9959718026183283,
      0.9964033951949359
    ],
    "val_loss": [
      0.204984548047885,
      0.06201596903667829,
      0.0797387837628434,
      0.09023035275415851,
      0.09225215112616428,
      0.10001719543715136,
      0.10551041859572624,
      0.11109922807844358,
      0.1120501312958807,
      0.11200954905734334,
      0.11308298272643703,
      0.11219995432412733
    ],
    "val_accuracy": [
      0.9483221476510068,
      0.9919463087248322,
      0.9919463087248322,
      0.9919463087248322,
      0.9919463087248322,
      0.9919463087248322,
      0.9919463087248322,
      0.9919463087248322,
      0.9919463087248322,
      0.9919463087248322,
      0.9919463087248322,
      0.9919463087248322
    ],
    "lr": [
      0.001,
      0.001,
      0.001,
      0.001,
      0.001,
      0.001,
      0.001,
      0.001,
      0.0005,
      0.0005,
      0.0005,
      0.0005
    ]
  },
  "test_metrics": {
    "loss": 0.02945416095610333,
    "accuracy": 0.9966442953020134,
    "class_accuracy": {
      "0": 1.0,
      "1": 0.0,
      "2": 0.0
    },
    "n_samples": 1490,
    "confusion_matrix": [
      [
        1485,
        0,
        0
      ],
      [
        0,
        0,
        0
      ],
      [
        5,
        0,
        0
      ]
    ]
  },
  "regime_distribution": {
    "train": {
      "0.0": 6931,
      "2.0": 19,
      "1.0": 1
    },
    "val": {
      "0.0": 1478,
      "1.0": 12
    },
    "test": {
      "0.0": 1485,
      "2.0": 5
    }
  },
  "timestamp": "20251208_131811"
}