{
  "train_history": {
    "train_loss": [
      2.941116886226209,
      2.353173063291604,
      1.9532224137473628,
      1.713659177889579,
      1.5514927026141347,
      1.4384962879157839,
      1.3435512536411467,
      1.2481683293523722,
      1.187579998552273,
      1.1472752306265706,
      1.105876624545228,
      1.0843768960200482,
      1.0621912153416422,
      1.0509253210708105,
      1.0409603947009398,
      1.0243629306194322,
      1.0131693507924349,
      0.9975656371523485,
      0.9876745782205583,
      0.9947483197229677,
      0.9865657722455062,
      0.9803260847531569
    ],
    "train_accuracy": [
      0.36041189931350115,
      0.37119973847662635,
      0.38705459300424977,
      0.39800588427590716,
      0.40111147433801897,
      0.40879372343903236,
      0.411735861392612,
      0.41206276560967636,
      0.4310232101994116,
      0.43576332134684537,
      0.44442628309905197,
      0.45096436744033996,
      0.469761359921543,
      0.473847662634848,
      0.4743380189604446,
      0.472213141549526,
      0.482837528604119,
      0.4970578620464204,
      0.5099705786204642,
      0.5080091533180778,
      0.5145472376593658,
      0.5168355671788166
    ],
    "val_loss": [
      1.6409903785638642,
      1.484809697083532,
      1.2922101296331026,
      1.2117998380864694,
      1.2134531042577654,
      1.1727154401310704,
      1.158715063428988,
      1.1434888236855478,
      1.131925376565469,
      1.1284973829598213,
      1.125208824486518,
      1.1122007302706884,
      1.1135456776637143,
      1.1152805525505478,
      1.1182267774069792,
      1.1258581463932356,
      1.1335686881700424,
      1.144468921545714,
      1.1498644550186727,
      1.1465707720917295,
      1.1617069077073483,
      1.1634848577025099
    ],
    "val_accuracy": [
      0.40427154843630814,
      0.38291380625476734,
      0.39206712433257057,
      0.4080854309687262,
      0.391304347826087,
      0.37528604118993136,
      0.37528604118993136,
      0.38138825324180015,
      0.38291380625476734,
      0.3905415713196034,
      0.39511823035850496,
      0.41189931350114417,
      0.41495041952707856,
      0.41800152555301295,
      0.4241037376048818,
      0.4241037376048818,
      0.42028985507246375,
      0.41952707856598015,
      0.42028985507246375,
      0.4241037376048818,
      0.4225781845919146,
      0.42105263157894735
    ],
    "lr": [
      0.001,
      0.001,
      0.001,
      0.001,
      0.001,
      0.001,
      0.001,
      0.001,
      0.001,
      0.001,
      0.001,
      0.001,
      0.001,
      0.001,
      0.001,
      0.001,
      0.001,
      0.001,
      0.0005,
      0.0005,
      0.0005,
      0.0005
    ]
  },
  "test_metrics": {
    "loss": 1.2885564623809442,
    "accuracy": 0.3589939024390244,
    "class_accuracy": {
      "0": 0.03674540682414698,
      "1": 0.38631346578366443,
      "2": 0.5899581589958159
    },
    "n_samples": 1312,
    "confusion_matrix": [
      [
        14,
        144,
        223
      ],
      [
        9,
        175,
        269
      ],
      [
        8,
        188,
        282
      ]
    ]
  },
  "regime_distribution": {
    "train": {
      "2.0": 2339,
      "1.0": 2088,
      "0.0": 1691
    },
    "val": {
      "2.0": 501,
      "1.0": 493,
      "0.0": 317
    },
    "test": {
      "2.0": 478,
      "1.0": 453,
      "0.0": 381
    }
  },
  "timestamp": "20251208_131950"
}