{
  "train_history": {
    "train_loss": [
      2.3243780917060124,
      1.7823486824879575,
      1.6037896108524976,
      1.4233418535591844,
      1.2890930742207427,
      1.254936074509919,
      1.1816324727142016,
      1.1271344823020115,
      1.0916096897276395,
      1.0696477093908365,
      1.039027260852289,
      1.0208282808433258,
      0.9913764527002655,
      0.9816644976629919,
      0.9778485925988394,
      0.9518109788905674,
      0.9390450784312591,
      0.9308875684043805,
      0.9211531737190437
    ],
    "train_accuracy": [
      0.3949149744097738,
      0.4568268119531121,
      0.46904408122833086,
      0.4913323427439326,
      0.5141158989598811,
      0.5202245335974905,
      0.5377249463430741,
      0.543008089813439,
      0.5543998679214133,
      0.5600132078586759,
      0.5626547795938583,
      0.5788344064718508,
      0.5859336305101536,
      0.5989763909526168,
      0.595179131583292,
      0.6115238566947334,
      0.615486214297507,
      0.6227505365692587,
      0.6217599471685653
    ],
    "val_loss": [
      0.5233498535625556,
      0.44279440214860327,
      0.4285292139704496,
      0.3816734791169365,
      0.3630655571123806,
      0.34929272681130286,
      0.3406810014794232,
      0.3266040017915881,
      0.32330578191561743,
      0.3358614579666813,
      0.34423707977356316,
      0.3412630751991619,
      0.34842373701372115,
      0.3505502207504617,
      0.35206453056248316,
      0.3602342337537815,
      0.3636692658917712,
      0.3638262883853311,
      0.3649813842361302
    ],
    "val_accuracy": [
      0.7804314329738059,
      0.8235747303543913,
      0.8513097072419107,
      0.8805855161787365,
      0.8790446841294299,
      0.8898305084745762,
      0.899075500770416,
      0.9036979969183359,
      0.9060092449922958,
      0.901386748844376,
      0.9067796610169492,
      0.901386748844376,
      0.8998459167950693,
      0.8975346687211094,
      0.8975346687211094,
      0.9021571648690293,
      0.901386748844376,
      0.8998459167950693,
      0.8929121725731896
    ],
    "lr": [
      0.001,
      0.001,
      0.001,
      0.001,
      0.001,
      0.001,
      0.001,
      0.001,
      0.001,
      0.001,
      0.001,
      0.001,
      0.001,
      0.001,
      0.001,
      0.0005,
      0.0005,
      0.0005,
      0.0005
    ]
  },
  "test_metrics": {
    "loss": 0.48010236034040643,
    "accuracy": 0.7596302003081664,
    "class_accuracy": {
      "0": 1.0,
      "1": 0.559322033898305,
      "2": 0.12962962962962962,
      "3": 0.0
    },
    "n_samples": 1298
  },
  "timestamp": "20251208_133846"
}