{
  "train_history": {
    "train_loss": [
      2.7366830804123987,
      0.6637372690625895,
      0.2400072968889822,
      0.135718089767003,
      0.13942971129677417,
      0.12657350121935376,
      0.11603304345876334,
      0.11171469920655028,
      0.11673423133485095,
      0.10913597224275949,
      0.11199285275758428,
      0.09743357246122122
    ],
    "train_accuracy": [
      0.4490035169988277,
      0.8067325406129626,
      0.9398760676603584,
      0.9708591525707587,
      0.9790654831686485,
      0.984759671746776,
      0.9845921956121253,
      0.9855970524200302,
      0.984759671746776,
      0.9844247194774745,
      0.9855970524200302,
      0.986601909227935
    ],
    "val_loss": [
      0.11868230350740819,
      0.04105166054714509,
      0.04507591802152813,
      0.05225417802259907,
      0.054243637162847885,
      0.05657755862608593,
      0.05519876966000659,
      0.05485707002369848,
      0.05563310611922488,
      0.05568483336762887,
      0.05527849642522931,
      0.05343838326966658
    ],
    "val_accuracy": [
      0.9945269741985927,
      0.9945269741985927,
      0.9945269741985927,
      0.9945269741985927,
      0.9945269741985927,
      0.9945269741985927,
      0.9945269741985927,
      0.9945269741985927,
      0.9945269741985927,
      0.9945269741985927,
      0.9945269741985927,
      0.9945269741985927
    ],
    "lr": [
      0.001,
      0.001,
      0.001,
      0.001,
      0.001,
      0.001,
      0.001,
      0.001,
      0.0005,
      0.0005,
      0.0005,
      0.0005
    ]
  },
  "test_metrics": {
    "loss": 0.07743649160256609,
    "accuracy": 0.9875,
    "class_accuracy": {
      "0": 1.0,
      "1": 0.0,
      "2": 0.0
    },
    "n_samples": 1280,
    "confusion_matrix": [
      [
        1264,
        0,
        0
      ],
      [
        2,
        0,
        0
      ],
      [
        14,
        0,
        0
      ]
    ]
  },
  "regime_distribution": {
    "train": {
      "0.0": 5901,
      "2.0": 38,
      "1.0": 32
    },
    "val": {
      "0.0": 1272,
      "2.0": 4,
      "1.0": 3
    },
    "test": {
      "0.0": 1264,
      "2.0": 14,
      "1.0": 2
    }
  },
  "timestamp": "20251208_131703"
}