{
  "train_history": {
    "train_loss": [
      2.739947571907218,
      2.134430967035072,
      1.8422245543624265,
      1.6050488351021923,
      1.4315321137601935,
      1.2913120174065023,
      1.2012577627405852,
      1.1369193664521475,
      1.0957276129808329,
      1.0583675012123979,
      1.0096879082203067,
      0.9932961538360959,
      0.9986549660285807,
      0.9757232541116713,
      0.9614274820770147,
      0.960480106640735,
      0.9514122658128168
    ],
    "train_accuracy": [
      0.38640078457012095,
      0.41435109512912716,
      0.42170644001307617,
      0.42742726381170315,
      0.4426283099051978,
      0.4568486433474992,
      0.4764628963713632,
      0.4792415822164106,
      0.4843085975809088,
      0.5014710689767898,
      0.5232101994115724,
      0.5346518470088264,
      0.5361229159856162,
      0.5385746976135992,
      0.5532853873814972,
      0.5487087283425957,
      0.553939195815626
    ],
    "val_loss": [
      2.32841976665523,
      2.0454537208347627,
      1.842245382356971,
      1.7544221189711313,
      1.6545212524342774,
      1.670975879528066,
      1.5531951685519185,
      1.585147878761786,
      1.5603214548708917,
      1.556454206404115,
      1.6095506752110182,
      1.6512431885612366,
      1.6413479682418974,
      1.6163495856328014,
      1.646805807436631,
      1.6429537115526236,
      1.6940416658679371
    ],
    "val_accuracy": [
      0.39664378337147216,
      0.37909992372234935,
      0.37528604118993136,
      0.37757437070938216,
      0.38367658276125094,
      0.39359267734553777,
      0.40045766590389015,
      0.3905415713196034,
      0.39664378337147216,
      0.39359267734553777,
      0.38215102974828374,
      0.39511823035850496,
      0.3882532418001526,
      0.3890160183066362,
      0.39359267734553777,
      0.39282990083905417,
      0.39740655987795576
    ],
    "lr": [
      0.001,
      0.001,
      0.001,
      0.001,
      0.001,
      0.001,
      0.001,
      0.001,
      0.001,
      0.001,
      0.001,
      0.001,
      0.001,
      0.0005,
      0.0005,
      0.0005,
      0.0005
    ]
  },
  "test_metrics": {
    "loss": 1.5329156939576312,
    "accuracy": 0.4108231707317073,
    "class_accuracy": {
      "0": 0.0034965034965034965,
      "1": 0.23440860215053763,
      "2": 0.7647058823529411
    },
    "n_samples": 1312,
    "confusion_matrix": [
      [
        1,
        59,
        226
      ],
      [
        6,
        109,
        350
      ],
      [
        5,
        127,
        429
      ]
    ]
  },
  "regime_distribution": {
    "train": {
      "2.0": 2538,
      "1.0": 2411,
      "0.0": 1169
    },
    "val": {
      "1.0": 524,
      "2.0": 489,
      "0.0": 298
    },
    "test": {
      "2.0": 561,
      "1.0": 465,
      "0.0": 286
    }
  },
  "timestamp": "20251208_131649"
}