{
  "train_history": {
    "train_loss": [
      2.7465366307096803,
      2.0842647411029063,
      1.7573534629437688,
      1.5390272411344565,
      1.3974647378173284,
      1.2708891648488638,
      1.2041687440077204,
      1.1092094177512337,
      1.0664120869295157,
      1.0561673132646079,
      1.021557032750221,
      1.0095183836669461,
      0.9850771139360948,
      0.9697152757691417,
      0.9629231260546909,
      0.956017023482795,
      0.9552421846901057
    ],
    "train_accuracy": [
      0.36923831317423994,
      0.41418764302059496,
      0.42971559333115394,
      0.44982020268061457,
      0.4545603138280484,
      0.4470415168355672,
      0.45652173913043476,
      0.48332788492971557,
      0.4911735861392612,
      0.5027786858450474,
      0.5156914024190912,
      0.5169990192873488,
      0.5379208891794705,
      0.5415168355671788,
      0.5544295521412226,
      0.5537757437070938,
      0.5506701536449821
    ],
    "val_loss": [
      2.0859551064209754,
      1.740105528580515,
      1.6781988756789405,
      1.5293912671159735,
      1.3856335670142388,
      1.3815441160689412,
      1.35584406903643,
      1.3791416276965225,
      1.4403977854210033,
      1.4700299451407541,
      1.5593980380726806,
      1.5595298304437772,
      1.64710511604763,
      1.6861485045525428,
      1.7651580871288146,
      1.8671436251619224,
      1.9769447731844438
    ],
    "val_accuracy": [
      0.4439359267734554,
      0.4424103737604882,
      0.4416475972540046,
      0.45385202135774216,
      0.4401220442410374,
      0.440884820747521,
      0.4401220442410374,
      0.43935926773455375,
      0.4576659038901602,
      0.45385202135774216,
      0.43783371472158655,
      0.43478260869565216,
      0.42105263157894735,
      0.410373760488177,
      0.4096109839816934,
      0.4073226544622426,
      0.40122044241037375
    ],
    "lr": [
      0.001,
      0.001,
      0.001,
      0.001,
      0.001,
      0.001,
      0.001,
      0.001,
      0.001,
      0.001,
      0.001,
      0.001,
      0.001,
      0.0005,
      0.0005,
      0.0005,
      0.0005
    ]
  },
  "test_metrics": {
    "loss": 2.2777176135923805,
    "accuracy": 0.33689024390243905,
    "class_accuracy": {
      "0": 0.0106951871657754,
      "1": 0.14081632653061224,
      "2": 0.8236607142857143
    },
    "n_samples": 1312,
    "confusion_matrix": [
      [
        4,
        45,
        325
      ],
      [
        2,
        69,
        419
      ],
      [
        0,
        79,
        369
      ]
    ]
  },
  "regime_distribution": {
    "train": {
      "2.0": 2564,
      "1.0": 2383,
      "0.0": 1171
    },
    "val": {
      "1.0": 503,
      "2.0": 487,
      "0.0": 321
    },
    "test": {
      "1.0": 490,
      "2.0": 448,
      "0.0": 374
    }
  },
  "timestamp": "20251208_131856"
}