{
  "train_history": {
    "train_loss": [
      1.9267694335936254,
      1.3646025105058932,
      1.2234730208453963,
      1.0693601871791638,
      1.0005939931953682,
      0.8887314073943593,
      0.7793234760521985,
      0.7578794006118201,
      0.7086272909969393,
      0.6526217288774538,
      0.6306899840163811,
      0.6114923325033895,
      0.5906976009163446,
      0.5766028972886363,
      0.5684123895222083,
      0.5441327383994433,
      0.5367075297208189,
      0.5341364277192446,
      0.5267888709936862,
      0.5239146102406146,
      0.5151942157597276,
      0.5084938548210596,
      0.5069334541866692,
      0.5063391852199584,
      0.5039995467791413,
      0.5026172207885803,
      0.49412138193563215,
      0.4873450450275255,
      0.4938699439991218,
      0.4809350972083629
    ],
    "train_accuracy": [
      0.5714285714285714,
      0.665903890160183,
      0.6882968290290945,
      0.6956521739130435,
      0.6977770513239621,
      0.7064400130761687,
      0.7186989212160837,
      0.7242562929061785,
      0.7307943772474665,
      0.7422360248447205,
      0.7489375612945407,
      0.7535142203334423,
      0.7538411245505067,
      0.7559660019614253,
      0.7569467146126185,
      0.7656096763648251,
      0.7705132396207911,
      0.7665903890160183,
      0.7710035959463877,
      0.7723112128146453,
      0.7705132396207911,
      0.769532526969598,
      0.7786858450474011,
      0.7785223929388689,
      0.7777051323962079,
      0.7772147760706113,
      0.7770513239620791,
      0.7804838182412553,
      0.7752533507682249,
      0.7811376266753841
    ],
    "val_loss": [
      0.8716791599056904,
      0.8052112522423495,
      0.8123669448833626,
      0.7485456615800079,
      0.7264691022040733,
      0.688802689200226,
      0.6655598165968918,
      0.6250834465026855,
      0.6056213620780171,
      0.5909717000230954,
      0.5870446732351563,
      0.5698810021537211,
      0.5674345174606841,
      0.5650213422164219,
      0.5703905656263175,
      0.5766689274531116,
      0.5658627791226502,
      0.56868480908607,
      0.5679392138116692,
      0.560739891616376,
      0.568188682846401,
      0.5664434423890394,
      0.5672468558965431,
      0.573311594176347,
      0.5719313077304674,
      0.5783068678199017,
      0.5787856834794982,
      0.5813628757936549,
      0.5822104888049634,
      0.5881732835013115
    ],
    "val_accuracy": [
      0.7604881769641495,
      0.7719298245614035,
      0.7894736842105263,
      0.7925247902364607,
      0.7917620137299771,
      0.7909992372234935,
      0.7856598016781083,
      0.7909992372234935,
      0.7978642257818459,
      0.7925247902364607,
      0.7932875667429443,
      0.7932875667429443,
      0.7925247902364607,
      0.7940503432494279,
      0.7925247902364607,
      0.7932875667429443,
      0.7932875667429443,
      0.7932875667429443,
      0.7963386727688787,
      0.7940503432494279,
      0.7955758962623951,
      0.7948131197559115,
      0.7909992372234935,
      0.7894736842105263,
      0.7932875667429443,
      0.7848970251716247,
      0.7841342486651411,
      0.7841342486651411,
      0.7772692601067888,
      0.7604881769641495
    ],
    "lr": [
      0.001,
      0.001,
      0.001,
      0.001,
      0.001,
      0.001,
      0.001,
      0.001,
      0.001,
      0.001,
      0.001,
      0.001,
      0.001,
      0.001,
      0.001,
      0.001,
      0.001,
      0.001,
      0.001,
      0.001,
      0.001,
      0.001,
      0.001,
      0.001,
      0.001,
      0.001,
      0.0005,
      0.0005,
      0.0005,
      0.0005
    ]
  },
  "test_metrics": {
    "loss": 0.6171413747275748,
    "accuracy": 0.7370426829268293,
    "class_accuracy": {
      "0": 0.01834862385321101,
      "1": 0.9756345177664975
    },
    "n_samples": 1312,
    "precision": 0.749609984399376,
    "recall": 0.9756345177664975,
    "f1": 0.8478164975738862
  },
  "timestamp": "20251208_134641"
}