{
  "train_history": {
    "train_loss": [
      2.4434640069441986,
      0.46315035772987745,
      0.17181673078271592,
      0.11407215468069253,
      0.10411691216113879,
      0.10613902770245764,
      0.10049611751045961,
      0.0972110617715888,
      0.09001933982060781,
      0.0941881060238927,
      0.09020830648386428,
      0.08769346038037892
    ],
    "train_accuracy": [
      0.4933736675309709,
      0.8663209449726303,
      0.9662921348314607,
      0.9834341688274273,
      0.9873235378853357,
      0.9881878421204264,
      0.9899164505906078,
      0.9893402477672141,
      0.9899164505906078,
      0.9904926534140017,
      0.9913569576490925,
      0.9909248055315472
    ],
    "val_loss": [
      0.09588092549513745,
      0.07425534582987267,
      0.09978645435103806,
      0.10714049193014827,
      0.1234852862005311,
      0.12513591389756828,
      0.1340721779964443,
      0.14930525679716006,
      0.14027173699343953,
      0.14552484139733102,
      0.1493888423034952,
      0.1479052383649535
    ],
    "val_accuracy": [
      0.9818548387096774,
      0.9905913978494624,
      0.9905913978494624,
      0.9905913978494624,
      0.9905913978494624,
      0.9905913978494624,
      0.9905913978494624,
      0.9905913978494624,
      0.9905913978494624,
      0.9905913978494624,
      0.9905913978494624,
      0.9905913978494624
    ],
    "lr": [
      0.001,
      0.001,
      0.001,
      0.001,
      0.001,
      0.001,
      0.001,
      0.001,
      0.0005,
      0.0005,
      0.0005,
      0.0005
    ]
  },
  "test_metrics": {
    "loss": 0.32021798448316674,
    "accuracy": 0.9919354838709677,
    "class_accuracy": {
      "0": 1.0,
      "1": 0.0,
      "2": 0.0
    },
    "n_samples": 1488,
    "confusion_matrix": [
      [
        1476,
        0,
        0
      ],
      [
        12,
        0,
        0
      ],
      [
        0,
        0,
        0
      ]
    ]
  },
  "regime_distribution": {
    "train": {
      "0.0": 6890,
      "1.0": 42,
      "2.0": 10
    },
    "val": {
      "0.0": 1474,
      "1.0": 8,
      "2.0": 6
    },
    "test": {
      "0.0": 1476,
      "1.0": 12
    }
  },
  "timestamp": "20251208_131627"
}