{
  "train_history": {
    "train_loss": [
      3.0498628010105486,
      2.1273817478572177,
      1.8740263042888645,
      1.6494206827988827,
      1.5038649036701652,
      1.327415379517457,
      1.2422402994132336,
      1.1373311430392241,
      1.068929294402398,
      1.029187460690006,
      1.0060372428302935,
      0.9507396409057147,
      0.927418020500178,
      0.9258430409447586,
      0.9010957715254476,
      0.8770158896888953,
      0.8635684116407234,
      0.8664213726610455,
      0.8485434528899519,
      0.8466225806859954,
      0.8444199895528132,
      0.8421289563158856,
      0.831014783384835,
      0.8311199901794674,
      0.8291754361217485,
      0.8358107201645424,
      0.8195494935231504,
      0.8134389976831775,
      0.8184785492505274,
      0.8056110084792714,
      0.7963746068704638,
      0.8064367988076122,
      0.8001783884521186,
      0.8111636838029126
    ],
    "train_accuracy": [
      0.3745983426348723,
      0.47928293590394044,
      0.5063419583967529,
      0.5193641129714189,
      0.5301877219685439,
      0.5393201420598681,
      0.5476069676982919,
      0.5552173177743954,
      0.5697615423642821,
      0.5788939624556063,
      0.5914087603585321,
      0.6013867749027566,
      0.6020632504650769,
      0.6100118383223406,
      0.6137324539151023,
      0.6257398951462878,
      0.6340267207847117,
      0.6248943006933875,
      0.6350414341281921,
      0.6355487907999323,
      0.6379164552680534,
      0.6372399797057331,
      0.6418061897513953,
      0.6340267207847117,
      0.6407914764079148,
      0.643497378657196,
      0.6460341620158971,
      0.6495856587180788,
      0.6517842042956198,
      0.6531371554202604,
      0.656519533231862,
      0.6551665821072213,
      0.6522915609673601,
      0.6509386098427195
    ],
    "val_loss": [
      1.2750490907617884,
      1.1866156602338627,
      1.0762207263929222,
      1.008475164729211,
      1.0127959373247557,
      0.9583883755491207,
      0.9508400989877208,
      0.9243466655099684,
      0.9033004234603003,
      0.9110662586216675,
      0.8985818322004063,
      0.8929052533083481,
      0.9161203135254822,
      0.8999231405961956,
      0.9083881693838521,
      0.8998225487962707,
      0.9038502160450936,
      0.8973607639675547,
      0.8972083062474523,
      0.8986510622661322,
      0.8922775973931202,
      0.8897667259048456,
      0.8875168251445562,
      0.8855949947000397,
      0.8890427952689642,
      0.8926071739140324,
      0.8889591083248112,
      0.8943882298544814,
      0.8955861317800929,
      0.9010671553126263,
      0.9058523520580313,
      0.9019362556717955,
      0.9089250700061681,
      0.9079599016373234
    ],
    "val_accuracy": [
      0.5272296764009471,
      0.5880031570639306,
      0.5951065509076559,
      0.6045777426992897,
      0.5998421468034728,
      0.6187845303867403,
      0.6093133385951065,
      0.6282557221783741,
      0.6400947119179163,
      0.6250986582478295,
      0.6353591160220995,
      0.6243093922651933,
      0.6132596685082873,
      0.6258879242304657,
      0.5998421468034728,
      0.6195737963693765,
      0.6156274664561957,
      0.6258879242304657,
      0.6195737963693765,
      0.6266771902131019,
      0.6290449881610103,
      0.6258879242304657,
      0.6243093922651933,
      0.6250986582478295,
      0.6266771902131019,
      0.6195737963693765,
      0.6235201262825573,
      0.6124704025256511,
      0.6085240726124704,
      0.611681136543015,
      0.6093133385951065,
      0.6093133385951065,
      0.5998421468034728,
      0.6037884767166535
    ],
    "lr": [
      0.001,
      0.001,
      0.001,
      0.001,
      0.001,
      0.001,
      0.001,
      0.001,
      0.001,
      0.001,
      0.001,
      0.001,
      0.001,
      0.001,
      0.001,
      0.001,
      0.001,
      0.001,
      0.0005,
      0.0005,
      0.0005,
      0.0005,
      0.0005,
      0.0005,
      0.0005,
      0.0005,
      0.0005,
      0.0005,
      0.0005,
      0.0005,
      0.00025,
      0.00025,
      0.00025,
      0.00025
    ]
  },
  "test_metrics": {
    "loss": 1.027801048116353,
    "accuracy": 0.5283911671924291,
    "class_accuracy": {
      "0": 0.8534246575342466,
      "1": 0.16129032258064516,
      "2": 0.007722007722007722
    },
    "n_samples": 1268,
    "confusion_matrix": [
      [
        623,
        106,
        1
      ],
      [
        233,
        45,
        1
      ],
      [
        227,
        30,
        2
      ]
    ]
  },
  "regime_distribution": {
    "train": {
      "0.0": 3702,
      "2.0": 1204,
      "1.0": 1007
    },
    "val": {
      "0.0": 825,
      "2.0": 246,
      "1.0": 196
    },
    "test": {
      "0.0": 730,
      "1.0": 279,
      "2.0": 259
    }
  },
  "timestamp": "20251208_131916"
}