{
  "train_history": {
    "train_loss": [
      3.0889239297651345,
      2.1569681569821664,
      1.8305198198980865,
      1.680461421172489,
      1.4644346841109845,
      1.3049760229816996,
      1.2148568456841313,
      1.1479782016107727,
      1.0679251260937008,
      1.0385835172940499,
      0.9686330312066497,
      0.9573924515137613,
      0.9089015625410998,
      0.8765100797050668,
      0.8651880163128904,
      0.8598759626843441,
      0.8432326725736323,
      0.842242487215098,
      0.8287980804982046,
      0.8210705903384476,
      0.8125622706932004,
      0.7987301806226436,
      0.7896227391993151,
      0.7908431640229964,
      0.780515752267638
    ],
    "train_accuracy": [
      0.38644351464435145,
      0.4890376569037657,
      0.5189958158995815,
      0.5258577405857741,
      0.5523012552301255,
      0.5646861924686193,
      0.574560669456067,
      0.5777405857740586,
      0.5901255230125523,
      0.5964853556485356,
      0.6071966527196653,
      0.6127196652719665,
      0.6266108786610879,
      0.6361506276150628,
      0.6368200836820084,
      0.6369874476987448,
      0.6456903765690376,
      0.6435146443514644,
      0.6508786610878661,
      0.6557322175732218,
      0.6540585774058577,
      0.6597489539748954,
      0.661255230125523,
      0.6599163179916318,
      0.6692887029288703
    ],
    "val_loss": [
      1.8732175283733055,
      1.679723188432281,
      1.6443354183579681,
      1.6651646881178894,
      1.540694170831401,
      1.5331020848265762,
      1.4148205793015571,
      1.3650187381327292,
      1.351400432074377,
      1.3301874237726854,
      1.2721123697234726,
      1.2597498133906528,
      1.2531144555242242,
      1.2786749545761051,
      1.2334126121452504,
      1.233957022381983,
      1.2638165459653348,
      1.289216396284699,
      1.298731409530915,
      1.2960991755674631,
      1.3171383059183013,
      1.320524329812521,
      1.3242945194849272,
      1.3371660729621557,
      1.3624337526804577
    ],
    "val_accuracy": [
      0.4309133489461358,
      0.4613583138173302,
      0.4808743169398907,
      0.48711943793911006,
      0.48243559718969553,
      0.48633879781420764,
      0.48243559718969553,
      0.5011709601873536,
      0.4996096799375488,
      0.4894613583138173,
      0.47384855581576896,
      0.4785323965651834,
      0.4637002341920375,
      0.43871975019516,
      0.46213895394223264,
      0.4348165495706479,
      0.40749414519906324,
      0.3981264637002342,
      0.3989071038251366,
      0.4028103044496487,
      0.39266198282591724,
      0.3747072599531616,
      0.375487900078064,
      0.375487900078064,
      0.3708040593286495
    ],
    "lr": [
      0.001,
      0.001,
      0.001,
      0.001,
      0.001,
      0.001,
      0.001,
      0.001,
      0.001,
      0.001,
      0.001,
      0.001,
      0.001,
      0.001,
      0.001,
      0.001,
      0.001,
      0.001,
      0.001,
      0.001,
      0.001,
      0.0005,
      0.0005,
      0.0005,
      0.0005
    ]
  },
  "test_metrics": {
    "loss": 1.6146875597088715,
    "accuracy": 0.35753317720530836,
    "class_accuracy": {
      "0": 0.6292947558770343,
      "1": 0.0,
      "2": 0.3283582089552239
    },
    "n_samples": 1281,
    "confusion_matrix": [
      [
        348,
        2,
        203
      ],
      [
        322,
        0,
        71
      ],
      [
        225,
        0,
        110
      ]
    ]
  },
  "regime_distribution": {
    "train": {
      "0.0": 3786,
      "2.0": 1141,
      "1.0": 1048
    },
    "val": {
      "0.0": 678,
      "1.0": 302,
      "2.0": 301
    },
    "test": {
      "0.0": 553,
      "1.0": 393,
      "2.0": 335
    }
  },
  "timestamp": "20251208_131737"
}