{
  "train_history": {
    "train_loss": [
      2.9306766737413357,
      1.8661467873375672,
      1.5491639276312312,
      1.409802979316686,
      1.2629793185153293,
      1.1508846021153514,
      1.0916805128449376,
      1.043366619225206,
      0.9662774548228864,
      0.9051409349179723,
      0.8973435936941524,
      0.8686522111511167,
      0.8158574553987914,
      0.8180166936395636,
      0.796605273946536,
      0.7827244532679011,
      0.7600895148936745,
      0.7377978127298843,
      0.7302477716661274,
      0.719857991070982,
      0.7124400924570712,
      0.7016304566343772,
      0.6998602211734783,
      0.6932621676266533
    ],
    "train_accuracy": [
      0.40190826916638767,
      0.5507197857381989,
      0.6021091396049548,
      0.6193505189152997,
      0.6255440241044526,
      0.6426180113826582,
      0.6575159022430532,
      0.6632072313357884,
      0.6764312018747908,
      0.6844660194174758,
      0.6921660528958822,
      0.6985269501171745,
      0.7055574154670238,
      0.7037161031134918,
      0.7062269835955809,
      0.7062269835955809,
      0.7150987612989622,
      0.7194509541345832,
      0.7129226648811516,
      0.7124204887847339,
      0.7179444258453298,
      0.7196183461667225,
      0.7251422832273183,
      0.724305323066622
    ],
    "val_loss": [
      0.9950573295354843,
      0.9036709427833557,
      0.9018224328756332,
      0.8413889683783055,
      0.8284078508615493,
      0.7787249557673931,
      0.755047845095396,
      0.7669646352529526,
      0.770793242752552,
      0.757460867613554,
      0.7411164611577987,
      0.7403729856014252,
      0.7366416618227959,
      0.7244275443255901,
      0.7258265867829323,
      0.7313860721886158,
      0.7463269986212253,
      0.7436266526579857,
      0.7552315540611744,
      0.7592586994171142,
      0.7723819062113761,
      0.7767673946917057,
      0.7661020629107952,
      0.7776994422078133
    ],
    "val_accuracy": [
      0.64609375,
      0.71015625,
      0.75078125,
      0.74140625,
      0.740625,
      0.75859375,
      0.7671875,
      0.746875,
      0.7359375,
      0.7796875,
      0.78359375,
      0.78359375,
      0.778125,
      0.77734375,
      0.759375,
      0.75,
      0.71328125,
      0.71171875,
      0.6984375,
      0.7015625,
      0.69296875,
      0.6953125,
      0.703125,
      0.69453125
    ],
    "lr": [
      0.001,
      0.001,
      0.001,
      0.001,
      0.001,
      0.001,
      0.001,
      0.001,
      0.001,
      0.001,
      0.001,
      0.001,
      0.001,
      0.001,
      0.001,
      0.001,
      0.001,
      0.001,
      0.001,
      0.001,
      0.0005,
      0.0005,
      0.0005,
      0.0005
    ]
  },
  "test_metrics": {
    "loss": 0.9081490350914261,
    "accuracy": 0.7088212334113974,
    "class_accuracy": {
      "0": 0.9690949227373068,
      "1": 0.0,
      "2": 0.14705882352941177
    },
    "n_samples": 1281,
    "confusion_matrix": [
      [
        878,
        0,
        28
      ],
      [
        163,
        0,
        8
      ],
      [
        174,
        0,
        30
      ]
    ]
  },
  "regime_distribution": {
    "train": {
      "0.0": 4226,
      "1.0": 889,
      "2.0": 859
    },
    "val": {
      "0.0": 1010,
      "1.0": 150,
      "2.0": 120
    },
    "test": {
      "0.0": 906,
      "2.0": 204,
      "1.0": 171
    }
  },
  "timestamp": "20251208_131944"
}