{
  "train_history": {
    "train_loss": [
      2.5541813956546204,
      0.4163135032609797,
      0.11506623999767149,
      0.07647156288601804,
      0.046854859089586066,
      0.04509858288733707,
      0.04638346454694347,
      0.04553786751980465,
      0.03306568208263254,
      0.03429124207752438,
      0.031050099161932906,
      0.031769183914076786,
      0.029047433004714816,
      0.025008751101542912,
      0.023506193430880732,
      0.021378528860507503,
      0.023638936007390317
    ],
    "train_accuracy": [
      0.4946639746178252,
      0.87424286126334,
      0.9694260167291606,
      0.9868762618978945,
      0.9909143351600808,
      0.9942313239111624,
      0.9936544563022787,
      0.9942313239111624,
      0.9953850591289299,
      0.9952408422267089,
      0.9956734929333718,
      0.9958177098355927,
      0.9963945774444765,
      0.9958177098355927,
      0.9958177098355927,
      0.9953850591289299,
      0.9962503605422556
    ],
    "val_loss": [
      0.1939552243132129,
      0.006663381805189686,
      0.0007743174730377675,
      0.00030587887017602855,
      0.000216215864943546,
      0.00020833412495504096,
      0.00015902506558024867,
      0.0002765162739418624,
      0.0003190418225176289,
      0.00030275927149337525,
      0.00042563653874751195,
      0.0004418521165650968,
      0.0011630074676891452,
      0.001177618253846104,
      0.0011413520547026825,
      0.0009911614066997992,
      0.0009225277901435099
    ],
    "val_accuracy": [
      0.946164199192463,
      1.0,
      1.0,
      1.0,
      1.0,
      1.0,
      1.0,
      1.0,
      1.0,
      1.0,
      1.0,
      1.0,
      1.0,
      1.0,
      1.0,
      1.0,
      1.0
    ],
    "lr": [
      0.001,
      0.001,
      0.001,
      0.001,
      0.001,
      0.001,
      0.001,
      0.001,
      0.001,
      0.001,
      0.001,
      0.001,
      0.001,
      0.0005,
      0.0005,
      0.0005,
      0.0005
    ]
  },
  "test_metrics": {
    "loss": 0.6725813683788354,
    "accuracy": 0.9737726967047747,
    "class_accuracy": {
      "0": 1.0,
      "1": 0.0,
      "2": 0.0
    },
    "n_samples": 1487,
    "confusion_matrix": [
      [
        1448,
        0,
        0
      ],
      [
        21,
        0,
        0
      ],
      [
        18,
        0,
        0
      ]
    ]
  },
  "regime_distribution": {
    "train": {
      "0.0": 6909,
      "1.0": 24,
      "2.0": 1
    },
    "val": {
      "0.0": 1486
    },
    "test": {
      "0.0": 1448,
      "1.0": 21,
      "2.0": 18
    }
  },
  "timestamp": "20251208_131535"
}