{
  "train_history": {
    "train_loss": [
      1.9682955599446903,
      1.42735891589233,
      1.2730555618148336,
      1.1024783088047156,
      0.9964699718483759,
      0.9025721374622705,
      0.7991480438021048,
      0.756577197731457,
      0.6924414186354516,
      0.6681247836782014,
      0.6339614025203572,
      0.6057337668059737,
      0.5944003663779318,
      0.5758768514349165,
      0.5700145280898962,
      0.5630109514840174,
      0.5562047784567736,
      0.5497679928717718,
      0.5466129128139523,
      0.5417754524047954,
      0.5409665502201073,
      0.5355958508272193,
      0.5346202328922937,
      0.5308598896069011,
      0.5306900766266838,
      0.5259846402523992,
      0.5255967146744717
    ],
    "train_accuracy": [
      0.5647270349787512,
      0.6350114416475973,
      0.646289637136319,
      0.6613272311212814,
      0.6624713958810069,
      0.6629617522066035,
      0.6760379208891795,
      0.6881333769205623,
      0.693690748610657,
      0.7039882314481857,
      0.7147760706113109,
      0.7250735534488395,
      0.7229486760379209,
      0.7358613926119647,
      0.7345537757437071,
      0.7334096109839817,
      0.7371690094802223,
      0.7422360248447205,
      0.7406015037593985,
      0.7438705459300425,
      0.7456685191238966,
      0.7433801896044459,
      0.7459954233409611,
      0.7469761359921543,
      0.7440339980385747,
      0.7479568486433475,
      0.7469761359921543
    ],
    "val_loss": [
      0.8201115265954642,
      0.8021005783983081,
      0.7036350394459193,
      0.6765958676349108,
      0.6479680334494189,
      0.6242603965609425,
      0.6107494357339669,
      0.5946994377037299,
      0.5789785966174826,
      0.5763884459080176,
      0.5640013904902519,
      0.5610078523215404,
      0.5530195736321305,
      0.557755130197509,
      0.5548655898583744,
      0.5455089410146078,
      0.5411157424808185,
      0.5450672586395211,
      0.5508863800905025,
      0.5511633885625116,
      0.5519500036079588,
      0.5534358884795397,
      0.5530513417257051,
      0.5542424932679177,
      0.556852458407186,
      0.5534944094200338,
      0.5519750685204449
    ],
    "val_accuracy": [
      0.6971777269260107,
      0.7124332570556827,
      0.7292143401983219,
      0.7200610221205187,
      0.7429443173150267,
      0.7513348588863463,
      0.7551487414187643,
      0.7643020594965675,
      0.7810831426392068,
      0.7894736842105263,
      0.7879481311975591,
      0.7856598016781083,
      0.7856598016781083,
      0.7856598016781083,
      0.7894736842105263,
      0.7887109077040427,
      0.7902364607170099,
      0.7879481311975591,
      0.7887109077040427,
      0.7887109077040427,
      0.7894736842105263,
      0.7894736842105263,
      0.7894736842105263,
      0.7909992372234935,
      0.7848970251716247,
      0.7894736842105263,
      0.7894736842105263
    ],
    "lr": [
      0.001,
      0.001,
      0.001,
      0.001,
      0.001,
      0.001,
      0.001,
      0.001,
      0.001,
      0.001,
      0.001,
      0.001,
      0.001,
      0.001,
      0.001,
      0.001,
      0.001,
      0.001,
      0.001,
      0.001,
      0.001,
      0.001,
      0.001,
      0.0005,
      0.0005,
      0.0005,
      0.0005
    ]
  },
  "test_metrics": {
    "loss": 0.6228422108219891,
    "accuracy": 0.7324695121951219,
    "class_accuracy": {
      "0": 0.009009009009009009,
      "1": 0.9785495403472931
    },
    "n_samples": 1312,
    "precision": 0.7437888198757764,
    "recall": 0.9785495403472931,
    "f1": 0.8451698279664756
  },
  "timestamp": "20251208_134659"
}