{
  "train_history": {
    "train_loss": [
      3.123320697219088,
      2.68915826105345,
      2.2887055513271006,
      2.0821917081473607,
      1.990254315841231,
      1.8361606957179357,
      1.6871525304139157,
      1.613267035134281,
      1.5288940825951067,
      1.5344294740552717,
      1.4720908909953532,
      1.3487739734042055,
      1.366522206725176,
      1.2756373699352022,
      1.2666543059071675,
      1.2160200796629252,
      1.1720981969067263,
      1.1153580241586363,
      1.0800061636684344,
      1.0245189705713964,
      1.038808026670419,
      1.0020867684541317,
      0.9618002321581431,
      0.9538164760597525,
      0.9226693033841838,
      0.9394546238669398,
      0.9114440499580467,
      0.9127067185835165,
      0.8700821278498113,
      0.8686574953414726,
      0.8732283128265529,
      0.8494221641416365
    ],
    "train_accuracy": [
      0.3667590027700831,
      0.39667590027700833,
      0.4393351800554017,
      0.4698060941828255,
      0.4759002770083102,
      0.46371191135734074,
      0.5002770083102493,
      0.496398891966759,
      0.5157894736842106,
      0.5069252077562327,
      0.5047091412742383,
      0.5357340720221606,
      0.5263157894736842,
      0.5240997229916897,
      0.5445983379501385,
      0.5418282548476454,
      0.5529085872576177,
      0.5700831024930748,
      0.5734072022160664,
      0.571191135734072,
      0.5734072022160664,
      0.5889196675900277,
      0.6094182825484764,
      0.5977839335180055,
      0.6088642659279778,
      0.6055401662049862,
      0.6238227146814405,
      0.6055401662049862,
      0.6149584487534626,
      0.6293628808864266,
      0.6409972299168976,
      0.6299168975069253
    ],
    "val_loss": [
      1.8983008640328634,
      1.881113711091661,
      1.875923274718609,
      1.872341981868154,
      1.812091672543398,
      1.74207082237165,
      1.7505022225920688,
      1.7386416209112738,
      1.7921310380562065,
      1.7524777540226573,
      1.6715363620482768,
      1.6539471419816165,
      1.6348154987256551,
      1.6667801473558563,
      1.6704892006117045,
      1.6350051902004124,
      1.5884517566444947,
      1.575897211881028,
      1.5799383281432475,
      1.507798872043177,
      1.5034470853117323,
      1.4983832270828719,
      1.5454199523040928,
      1.553291147517175,
      1.5479204199977756,
      1.5214140144820065,
      1.5398915440765852,
      1.546045028057295,
      1.5376175703461636,
      1.5608819010331458,
      1.5611134644636173,
      1.593779055113645
    ],
    "val_accuracy": [
      0.44329896907216493,
      0.4536082474226804,
      0.4536082474226804,
      0.44329896907216493,
      0.4536082474226804,
      0.43041237113402064,
      0.4072164948453608,
      0.41237113402061853,
      0.4020618556701031,
      0.42783505154639173,
      0.4097938144329897,
      0.422680412371134,
      0.42010309278350516,
      0.40463917525773196,
      0.41494845360824745,
      0.39948453608247425,
      0.40463917525773196,
      0.40463917525773196,
      0.4020618556701031,
      0.41237113402061853,
      0.42010309278350516,
      0.42010309278350516,
      0.4072164948453608,
      0.41494845360824745,
      0.42010309278350516,
      0.43041237113402064,
      0.4175257731958763,
      0.422680412371134,
      0.4175257731958763,
      0.41237113402061853,
      0.41237113402061853,
      0.4072164948453608
    ],
    "lr": [
      0.001,
      0.001,
      0.001,
      0.001,
      0.001,
      0.001,
      0.001,
      0.001,
      0.001,
      0.001,
      0.001,
      0.001,
      0.001,
      0.001,
      0.001,
      0.001,
      0.001,
      0.001,
      0.001,
      0.001,
      0.001,
      0.001,
      0.001,
      0.001,
      0.001,
      0.001,
      0.001,
      0.001,
      0.0005,
      0.0005,
      0.0005,
      0.0005
    ]
  },
  "test_metrics": {
    "loss": 1.62007428586329,
    "accuracy": 0.34108527131782945,
    "class_accuracy": {
      "0": 0.0,
      "1": 0.6370370370370371,
      "2": 0.24338624338624337
    },
    "n_samples": 387,
    "confusion_matrix": [
      [
        0,
        39,
        24
      ],
      [
        0,
        86,
        49
      ],
      [
        2,
        141,
        46
      ]
    ]
  },
  "regime_distribution": {
    "train": {
      "2.0": 794,
      "1.0": 702,
      "0.0": 309
    },
    "val": {
      "2.0": 171,
      "1.0": 138,
      "0.0": 79
    },
    "test": {
      "2.0": 189,
      "1.0": 135,
      "0.0": 63
    }
  },
  "timestamp": "20251208_131953"
}