{
  "train_history": {
    "train_loss": [
      2.7082245526342525,
      1.113339992433447,
      0.8495697430063636,
      0.7681926603853823,
      0.7065910697681985,
      0.6447792923139073,
      0.6008096882987366,
      0.5727853289264524,
      0.5465884294937261,
      0.5386667096462133,
      0.5162961502264429,
      0.4914332884354473
    ],
    "train_accuracy": [
      0.4437374413931681,
      0.7238780977896851,
      0.8275284661754856,
      0.8578365706630945,
      0.8690555927662424,
      0.874246483590087,
      0.8807769591426657,
      0.879939718687207,
      0.8856329537843268,
      0.883456128600134,
      0.8842933690555927,
      0.8904889484259879
    ],
    "val_loss": [
      0.8418960027396679,
      0.4256103774532676,
      0.5509626355604269,
      0.5481650386704132,
      0.5575731051852927,
      0.555103347019758,
      0.5144863981520758,
      0.545533073216211,
      0.530971159460023,
      0.5143475096672774,
      0.5224585457355715,
      0.51951502521988
    ],
    "val_accuracy": [
      0.8125,
      0.91328125,
      0.91328125,
      0.91328125,
      0.91328125,
      0.91328125,
      0.91328125,
      0.91328125,
      0.91328125,
      0.91328125,
      0.91328125,
      0.91328125
    ],
    "lr": [
      0.001,
      0.001,
      0.001,
      0.001,
      0.001,
      0.001,
      0.001,
      0.001,
      0.0005,
      0.0005,
      0.0005,
      0.0005
    ]
  },
  "test_metrics": {
    "loss": 0.8264991162344814,
    "accuracy": 0.85703125,
    "class_accuracy": {
      "0": 1.0,
      "1": 0.0,
      "2": 0.0
    },
    "n_samples": 1280,
    "confusion_matrix": [
      [
        1097,
        0,
        0
      ],
      [
        91,
        0,
        0
      ],
      [
        92,
        0,
        0
      ]
    ]
  },
  "regime_distribution": {
    "train": {
      "0.0": 5373,
      "2.0": 320,
      "1.0": 279
    },
    "val": {
      "0.0": 1169,
      "1.0": 59,
      "2.0": 52
    },
    "test": {
      "0.0": 1097,
      "2.0": 92,
      "1.0": 91
    }
  },
  "timestamp": "20251208_131840"
}