{
  "train_history": {
    "train_loss": [
      2.9685892603073754,
      2.5206175207101076,
      2.2540928166989143,
      2.145265848682858,
      2.0289436712159343,
      1.8488736106748396,
      1.758844919812316,
      1.7332630044535586,
      1.6314619710901108,
      1.5284987211887857,
      1.4828176899629948,
      1.364088038064106,
      1.32559140415403,
      1.2629032692420517,
      1.2592984136121754,
      1.2366644986778745,
      1.1691355489958026,
      1.1197689414354572,
      1.1401372628859205,
      1.104223309362364,
      1.0076273747428302,
      1.0491191008084368,
      1.0447441129473107,
      0.9909971275488095,
      0.9869638853786394,
      1.0062820092462768,
      0.9651649122753302,
      0.9562723471187158,
      0.9255577732321298,
      0.907049185813629,
      0.9135480149631025,
      0.8875294022943174,
      0.8893235911953152,
      0.871854180114091,
      0.8749448704257236,
      0.8501539263698863,
      0.866819829623785,
      0.8614057320306836,
      0.8241377162801262,
      0.8032726627637805,
      0.8161934903453922,
      0.8024569166003832,
      0.8333018673423915,
      0.807973977733517,
      0.8208661157668793,
      0.8050171082369839,
      0.7977214521318261,
      0.7995325511182114,
      0.7862958069983612,
      0.7691216038204627
    ],
    "train_accuracy": [
      0.3750692520775623,
      0.41772853185595565,
      0.4404432132963989,
      0.4481994459833795,
      0.4443213296398892,
      0.45595567867036013,
      0.4631578947368421,
      0.4631578947368421,
      0.4792243767313019,
      0.4842105263157895,
      0.4775623268698061,
      0.5002770083102493,
      0.5146814404432133,
      0.5196675900277008,
      0.5274238227146815,
      0.5213296398891967,
      0.535180055401662,
      0.5418282548476454,
      0.5385041551246538,
      0.5457063711911357,
      0.5728531855955679,
      0.5573407202216066,
      0.5745152354570637,
      0.5645429362880886,
      0.5573407202216066,
      0.5800554016620498,
      0.5700831024930748,
      0.5922437673130194,
      0.585595567867036,
      0.602770083102493,
      0.5977839335180055,
      0.6038781163434903,
      0.6171745152354571,
      0.6,
      0.6210526315789474,
      0.6271468144044321,
      0.6337950138504155,
      0.6116343490304709,
      0.6360110803324099,
      0.6332409972299169,
      0.6415512465373961,
      0.6493074792243767,
      0.6326869806094183,
      0.6548476454293629,
      0.6437673130193906,
      0.643213296398892,
      0.6443213296398892,
      0.6548476454293629,
      0.6421052631578947,
      0.6542936288088642
    ],
    "val_loss": [
      2.4826604312228175,
      2.467766216120769,
      2.1884325509218825,
      2.1254565420838976,
      2.035995278161826,
      2.100268431545533,
      2.018612475739312,
      1.934996354211237,
      1.9438885597838569,
      1.789724553983236,
      1.7131156294616228,
      1.653120121390549,
      1.7114257923106557,
      1.6179408498646057,
      1.4858129866344412,
      1.5870234339507585,
      1.6736653096897085,
      1.5717525936893582,
      1.4283929817455332,
      1.333760995840289,
      1.4003561642981066,
      1.4136768923592322,
      1.384229960515327,
      1.3854684768263827,
      1.3686819801625518,
      1.3234415705671017,
      1.3265526423749237,
      1.3354161148218764,
      1.3391764919782423,
      1.3268363254586446,
      1.2887148685062055,
      1.2775888811681688,
      1.2753676182215976,
      1.2843062349201477,
      1.26653239960523,
      1.254694781967045,
      1.253800151888857,
      1.2842504732387583,
      1.2463259782987772,
      1.2012481234737278,
      1.2281742784165846,
      1.2358797069677372,
      1.2317470631648584,
      1.2217038992753964,
      1.241127161635566,
      1.2949149584032826,
      1.2922079280479668,
      1.2654700721662069,
      1.2978818859021688,
      1.249641107529709
    ],
    "val_accuracy": [
      0.38402061855670105,
      0.41494845360824745,
      0.45103092783505155,
      0.44329896907216493,
      0.4329896907216495,
      0.46134020618556704,
      0.4536082474226804,
      0.4329896907216495,
      0.4381443298969072,
      0.47680412371134023,
      0.5,
      0.4845360824742268,
      0.45618556701030927,
      0.4587628865979381,
      0.46649484536082475,
      0.43041237113402064,
      0.4175257731958763,
      0.4020618556701031,
      0.38144329896907214,
      0.422680412371134,
      0.4381443298969072,
      0.4381443298969072,
      0.43556701030927836,
      0.44072164948453607,
      0.45618556701030927,
      0.4742268041237113,
      0.4639175257731959,
      0.48711340206185566,
      0.47164948453608246,
      0.4845360824742268,
      0.5025773195876289,
      0.4948453608247423,
      0.48711340206185566,
      0.49742268041237114,
      0.5128865979381443,
      0.5103092783505154,
      0.48711340206185566,
      0.4896907216494845,
      0.5051546391752577,
      0.5,
      0.4845360824742268,
      0.4793814432989691,
      0.48195876288659795,
      0.48195876288659795,
      0.4845360824742268,
      0.4948453608247423,
      0.4896907216494845,
      0.4845360824742268,
      0.4742268041237113,
      0.46649484536082475
    ],
    "lr": [
      0.001,
      0.001,
      0.001,
      0.001,
      0.001,
      0.001,
      0.001,
      0.001,
      0.001,
      0.001,
      0.001,
      0.001,
      0.001,
      0.001,
      0.001,
      0.001,
      0.001,
      0.001,
      0.001,
      0.001,
      0.001,
      0.001,
      0.001,
      0.001,
      0.001,
      0.001,
      0.001,
      0.001,
      0.001,
      0.001,
      0.001,
      0.001,
      0.001,
      0.001,
      0.001,
      0.001,
      0.001,
      0.001,
      0.001,
      0.001,
      0.001,
      0.001,
      0.001,
      0.001,
      0.001,
      0.001,
      0.0005,
      0.0005,
      0.0005,
      0.0005
    ]
  },
  "test_metrics": {
    "loss": 1.6656417717305265,
    "accuracy": 0.40568475452196384,
    "class_accuracy": {
      "0": 0.14084507042253522,
      "1": 0.4968944099378882,
      "2": 0.432258064516129
    },
    "n_samples": 387,
    "confusion_matrix": [
      [
        10,
        28,
        33
      ],
      [
        19,
        80,
        62
      ],
      [
        10,
        78,
        67
      ]
    ]
  },
  "regime_distribution": {
    "train": {
      "1.0": 749,
      "2.0": 739,
      "0.0": 317
    },
    "val": {
      "1.0": 176,
      "2.0": 149,
      "0.0": 63
    },
    "test": {
      "1.0": 161,
      "2.0": 155,
      "0.0": 71
    }
  },
  "timestamp": "20251208_131528"
}