{
  "train_history": {
    "train_loss": [
      2.949691316812108,
      1.7604210164058158,
      1.5317169703300029,
      1.3367847723641655,
      1.2502593348963988,
      1.1443966501128224,
      1.062483069412878,
      0.9739690868774717,
      0.9356731523853964,
      0.8996105013507181,
      0.8787034154262503,
      0.8627850622362672
    ],
    "train_accuracy": [
      0.41573221757322176,
      0.5954811715481172,
      0.6448535564853557,
      0.6781589958158996,
      0.687531380753138,
      0.7025941422594142,
      0.7079497907949791,
      0.7193305439330544,
      0.7280334728033473,
      0.7276987447698745,
      0.7384100418410042,
      0.7375732217573222
    ],
    "val_loss": [
      1.237901282068531,
      1.2109618533132227,
      1.3503929351476094,
      1.4313735368659402,
      1.3296041553323852,
      1.3465046315431408,
      1.3372435905708175,
      1.3351113606857936,
      1.3218011694155476,
      1.2627368594267516,
      1.2653686644787159,
      1.2525228792387093
    ],
    "val_accuracy": [
      0.5480093676814989,
      0.6885245901639344,
      0.6814988290398126,
      0.6893052302888368,
      0.6791569086651054,
      0.6986729117876659,
      0.7166276346604216,
      0.7244340359094458,
      0.7314597970335676,
      0.7244340359094458,
      0.7259953161592506,
      0.7330210772833724
    ],
    "lr": [
      0.001,
      0.001,
      0.001,
      0.001,
      0.001,
      0.001,
      0.001,
      0.001,
      0.0005,
      0.0005,
      0.0005,
      0.0005
    ]
  },
  "test_metrics": {
    "loss": 1.177019307013255,
    "accuracy": 0.7142857142857143,
    "class_accuracy": {
      "0": 0.9585547290116897,
      "1": 0.05116279069767442,
      "2": 0.016
    },
    "n_samples": 1281,
    "confusion_matrix": [
      [
        902,
        36,
        3
      ],
      [
        202,
        11,
        2
      ],
      [
        116,
        7,
        2
      ]
    ]
  },
  "regime_distribution": {
    "train": {
      "0.0": 4589,
      "2.0": 704,
      "1.0": 682
    },
    "val": {
      "0.0": 946,
      "2.0": 176,
      "1.0": 159
    },
    "test": {
      "0.0": 941,
      "1.0": 215,
      "2.0": 125
    }
  },
  "timestamp": "20251208_131758"
}