{
  "train_history": {
    "train_loss": [
      2.9045154310721717,
      1.7586979084271952,
      1.5171015323475738,
      1.343697746784348,
      1.2159004561389768,
      1.0867564585487108,
      1.0024601955240582,
      0.9581718489530197,
      0.8802859122062995,
      0.8285368013158428,
      0.8099288929253193,
      0.7631094795554283,
      0.7689999403136072,
      0.7343948816766137,
      0.7225995170257807
    ],
    "train_accuracy": [
      0.40683073832245104,
      0.583793738489871,
      0.6321781349405659,
      0.6586305039343714,
      0.6654947262682069,
      0.6869244935543278,
      0.6927841955466265,
      0.7068474803281433,
      0.716390423572744,
      0.7249288464758078,
      0.7282772476142642,
      0.7415034321111669,
      0.7353088900050226,
      0.7379876109157877,
      0.74702829398962
    ],
    "val_loss": [
      0.8049630425870419,
      0.5694119604304433,
      0.5430283984169364,
      0.5138614792376757,
      0.4941362075507641,
      0.51491613201797,
      0.5070196352899075,
      0.5213577400892973,
      0.5123642310500145,
      0.5135316055268049,
      0.536095728725195,
      0.537587009370327,
      0.529887343198061,
      0.5440561659634113,
      0.5509147867560387
    ],
    "val_accuracy": [
      0.69453125,
      0.80625,
      0.79765625,
      0.80703125,
      0.8171875,
      0.8234375,
      0.834375,
      0.809375,
      0.81953125,
      0.82578125,
      0.8140625,
      0.8015625,
      0.8140625,
      0.80859375,
      0.80234375
    ],
    "lr": [
      0.001,
      0.001,
      0.001,
      0.001,
      0.001,
      0.001,
      0.001,
      0.001,
      0.001,
      0.001,
      0.001,
      0.0005,
      0.0005,
      0.0005,
      0.0005
    ]
  },
  "test_metrics": {
    "loss": 0.6357914130903191,
    "accuracy": 0.8157689305230289,
    "class_accuracy": {
      "0": 0.9652582159624413,
      "1": 0.11926605504587157,
      "2": 0.037383177570093455
    },
    "n_samples": 1281,
    "confusion_matrix": [
      [
        1028,
        26,
        11
      ],
      [
        90,
        13,
        6
      ],
      [
        92,
        11,
        4
      ]
    ]
  },
  "regime_distribution": {
    "train": {
      "0.0": 4438,
      "2.0": 807,
      "1.0": 728
    },
    "val": {
      "0.0": 1121,
      "2.0": 88,
      "1.0": 71
    },
    "test": {
      "0.0": 1065,
      "1.0": 109,
      "2.0": 107
    }
  },
  "timestamp": "20251208_131517"
}