{
  "train_history": {
    "train_loss": [
      2.857526005532474,
      1.17569677028025,
      0.9276126261781807,
      0.8337033159968442,
      0.7907284314209093,
      0.701890169037896,
      0.677132138527518,
      0.6455416925338844,
      0.6560263087501877,
      0.601755811750789,
      0.572685758704616
    ],
    "train_accuracy": [
      0.4381909547738693,
      0.7214405360134003,
      0.8204355108877722,
      0.8561139028475712,
      0.8690117252931323,
      0.8752093802345059,
      0.8812395309882747,
      0.8847571189279732,
      0.8830820770519263,
      0.8855946398659966,
      0.8867671691792295
    ],
    "val_loss": [
      0.5220054705351288,
      0.6333123248221937,
      0.8985832720857326,
      0.9751133574622496,
      0.9591208056145711,
      0.9495848114735158,
      0.9730829492613107,
      0.9385477302858476,
      0.9934602228890408,
      1.0302942137290254,
      1.039744046872152
    ],
    "val_accuracy": [
      0.8756841282251759,
      0.8756841282251759,
      0.8756841282251759,
      0.8756841282251759,
      0.8756841282251759,
      0.8756841282251759,
      0.8756841282251759,
      0.8756841282251759,
      0.8756841282251759,
      0.8756841282251759,
      0.8756841282251759
    ],
    "lr": [
      0.001,
      0.001,
      0.001,
      0.001,
      0.001,
      0.001,
      0.001,
      0.0005,
      0.0005,
      0.0005,
      0.0005
    ]
  },
  "test_metrics": {
    "loss": 0.8029112115502357,
    "accuracy": 0.8125,
    "class_accuracy": {
      "0": 1.0,
      "1": 0.0,
      "2": 0.0
    },
    "n_samples": 1280,
    "confusion_matrix": [
      [
        1040,
        0,
        0
      ],
      [
        122,
        0,
        0
      ],
      [
        118,
        0,
        0
      ]
    ]
  },
  "regime_distribution": {
    "train": {
      "0.0": 5373,
      "2.0": 343,
      "1.0": 254
    },
    "val": {
      "0.0": 1120,
      "2.0": 83,
      "1.0": 76
    },
    "test": {
      "0.0": 1040,
      "1.0": 122,
      "2.0": 118
    }
  },
  "timestamp": "20251208_131632"
}