{
  "train_history": {
    "train_loss": [
      2.0988643038463812,
      1.6575154743384755,
      1.436142783493885,
      1.2861785648226856,
      1.1212102369998709,
      1.0095642054536913,
      0.9433836478663254,
      0.8667540138123978,
      0.8089748767319361,
      0.74693251799898,
      0.725160919517113,
      0.675305460024675,
      0.6727188682392479,
      0.6531303740670066,
      0.642865766922451,
      0.6317312695614533,
      0.6203936751701739,
      0.6141957200286668,
      0.6128928781374096,
      0.6105368483218542,
      0.6070404233750115,
      0.6040865775610583,
      0.5961896355887105,
      0.5993627450286114,
      0.5915823658917924,
      0.5944822948522216,
      0.5935874862505666,
      0.581418890663127,
      0.5837544343486336,
      0.5763168271439806,
      0.5747533056540363
    ],
    "train_accuracy": [
      0.5426610003269042,
      0.5655442955214123,
      0.5889179470415168,
      0.5938215102974829,
      0.6005230467473031,
      0.6028113762667539,
      0.6060804184373978,
      0.6142530238640078,
      0.6242236024844721,
      0.6345210853220007,
      0.6327231121281465,
      0.6539718862373325,
      0.6529911735861392,
      0.6562602157567833,
      0.6603465184700883,
      0.6667211507028441,
      0.6730957829355999,
      0.6745668519123896,
      0.6742399476953252,
      0.676528277214776,
      0.6729323308270677,
      0.6778358940830337,
      0.6891140895717555,
      0.6827394573389997,
      0.6884602811376267,
      0.6837201699901929,
      0.6783262504086303,
      0.6902582543314809,
      0.6881333769205623,
      0.6904217064400131,
      0.6918927754168028
    ],
    "val_loss": [
      1.0575654993159092,
      1.1175868673510083,
      1.0716921438432485,
      1.0606405890051596,
      1.0311555241374548,
      1.0124700082157696,
      0.9553342181066808,
      0.9015546119640475,
      0.8465229644746293,
      0.8265367580405817,
      0.8137524961788721,
      0.8163497381133946,
      0.8045324935520268,
      0.7581748271788649,
      0.7580455171525433,
      0.7503468523400144,
      0.7571729441620211,
      0.7567632329727656,
      0.7478245639510049,
      0.7411571210527311,
      0.7395527020017215,
      0.7501882585198892,
      0.7537801567604303,
      0.7491290772079421,
      0.7472941093004722,
      0.747384834753294,
      0.7457860169476175,
      0.7428560414721637,
      0.7421379226205187,
      0.742555950953704,
      0.7455943869689691
    ],
    "val_accuracy": [
      0.6376811594202898,
      0.6521739130434783,
      0.6483600305110603,
      0.6453089244851259,
      0.6483600305110603,
      0.6506483600305111,
      0.6483600305110603,
      0.6483600305110603,
      0.6483600305110603,
      0.6506483600305111,
      0.6498855835240275,
      0.6498855835240275,
      0.6498855835240275,
      0.6498855835240275,
      0.6498855835240275,
      0.6498855835240275,
      0.6498855835240275,
      0.6498855835240275,
      0.6498855835240275,
      0.6498855835240275,
      0.6498855835240275,
      0.6498855835240275,
      0.6498855835240275,
      0.6475972540045767,
      0.6475972540045767,
      0.6468344774980931,
      0.6491228070175439,
      0.6453089244851259,
      0.6445461479786423,
      0.6445461479786423,
      0.6407322654462243
    ],
    "lr": [
      0.001,
      0.001,
      0.001,
      0.001,
      0.001,
      0.001,
      0.001,
      0.001,
      0.001,
      0.001,
      0.001,
      0.001,
      0.001,
      0.001,
      0.001,
      0.001,
      0.001,
      0.001,
      0.001,
      0.001,
      0.001,
      0.001,
      0.001,
      0.001,
      0.001,
      0.001,
      0.001,
      0.0005,
      0.0005,
      0.0005,
      0.0005
    ]
  },
  "test_metrics": {
    "loss": 1.0156641529827584,
    "accuracy": 0.5099085365853658,
    "class_accuracy": {
      "0": 0.0,
      "1": 0.9911111111111112
    },
    "n_samples": 1312,
    "precision": 0.5122511485451761,
    "recall": 0.9911111111111112,
    "f1": 0.6754164563351843
  },
  "timestamp": "20251208_134624"
}