{
  "train_history": {
    "train_loss": [
      2.9014871967471505,
      1.638372660122304,
      1.410178296882943,
      1.2976407218065251,
      1.2086985285619825,
      1.1487732141107325,
      1.0390367790253323,
      0.9307053613913193,
      0.9116641597548821,
      0.882030530788582,
      0.8699079347780935,
      0.8243679201435289
    ],
    "train_accuracy": [
      0.42273564373011885,
      0.6217980914113511,
      0.6984764774820024,
      0.7281098275573413,
      0.7316256487527206,
      0.7495395948434622,
      0.7627657793403649,
      0.7749874434957308,
      0.7776661644064959,
      0.7783358446341871,
      0.779507785032647,
      0.7863720073664825
    ],
    "val_loss": [
      1.3423536002635956,
      1.178085022419691,
      1.4845984289422631,
      1.4460920898243785,
      1.5376112900674344,
      1.510156697779894,
      1.541034284979105,
      1.4658672891557216,
      1.4625798024237155,
      1.4609113149344921,
      1.499435169249773,
      1.5043723329901695
    ],
    "val_accuracy": [
      0.6703125,
      0.74453125,
      0.74453125,
      0.74453125,
      0.74453125,
      0.74453125,
      0.74453125,
      0.74453125,
      0.74453125,
      0.74453125,
      0.74453125,
      0.74453125
    ],
    "lr": [
      0.001,
      0.001,
      0.001,
      0.001,
      0.001,
      0.001,
      0.001,
      0.001,
      0.0005,
      0.0005,
      0.0005,
      0.0005
    ]
  },
  "test_metrics": {
    "loss": 1.3694550890475512,
    "accuracy": 0.76328125,
    "class_accuracy": {
      "0": 1.0,
      "1": 0.0,
      "2": 0.0
    },
    "n_samples": 1280,
    "confusion_matrix": [
      [
        977,
        0,
        0
      ],
      [
        147,
        0,
        0
      ],
      [
        156,
        0,
        0
      ]
    ]
  },
  "regime_distribution": {
    "train": {
      "0.0": 4795,
      "2.0": 604,
      "1.0": 574
    },
    "val": {
      "0.0": 953,
      "1.0": 170,
      "2.0": 157
    },
    "test": {
      "0.0": 977,
      "2.0": 156,
      "1.0": 147
    }
  },
  "timestamp": "20251208_131730"
}