{
  "train_history": {
    "train_loss": [
      1.8673147239390995,
      1.491658452589707,
      1.3014279284891934,
      1.150044600846671,
      1.005254794832955,
      0.9251531587529617,
      0.8279077310688832,
      0.779906829214495,
      0.7110783290976439,
      0.6698017528609641,
      0.6422505034556912,
      0.61552324092875,
      0.6069870875891415,
      0.5921366717730543,
      0.5777646107411255,
      0.5655194270145468,
      0.5680994722409896,
      0.5538981826858324,
      0.5525775800278994,
      0.5438090044786955,
      0.5397477145881874
    ],
    "train_accuracy": [
      0.5691323601771363,
      0.6309660488764967,
      0.641463014597343,
      0.6496637690667542,
      0.661308840413318,
      0.6629489913072003,
      0.672953911759882,
      0.6824667869443989,
      0.6859111038215516,
      0.7072330654420207,
      0.7078891257995735,
      0.7152698048220436,
      0.7229785140232902,
      0.7244546498277842,
      0.730195177956372,
      0.7365917664425127,
      0.7324913892078071,
      0.7383959324257832,
      0.7367557815319009,
      0.7395440380515007,
      0.7457766114482532
    ],
    "val_loss": [
      1.0155762499105685,
      0.7581923078081493,
      0.6853245588414252,
      0.6340112433738169,
      0.6157736728094695,
      0.5968327973303033,
      0.5999687853872822,
      0.5788161680501385,
      0.5776783609855421,
      0.5654443088112301,
      0.5618945679412877,
      0.5636869739875049,
      0.566548826590511,
      0.5690252087959007,
      0.5737265250157471,
      0.5728022096580281,
      0.5749593624971984,
      0.5753485171869682,
      0.5835285546128405,
      0.5791663093793091,
      0.5880914366965816
    ],
    "val_accuracy": [
      0.7176740627390972,
      0.7620504973221117,
      0.7628156082631982,
      0.7612853863810253,
      0.7528691660290742,
      0.75592960979342,
      0.7735271614384086,
      0.7712318286151492,
      0.7796480489671003,
      0.7750573833205815,
      0.7796480489671003,
      0.7865340474368784,
      0.7773527161438408,
      0.774292272379495,
      0.7681713848508034,
      0.7727620504973222,
      0.7712318286151492,
      0.7735271614384086,
      0.7628156082631982,
      0.7681713848508034,
      0.7597551644988524
    ],
    "lr": [
      0.001,
      0.001,
      0.001,
      0.001,
      0.001,
      0.001,
      0.001,
      0.001,
      0.001,
      0.001,
      0.001,
      0.001,
      0.001,
      0.001,
      0.001,
      0.001,
      0.001,
      0.0005,
      0.0005,
      0.0005,
      0.0005
    ]
  },
  "test_metrics": {
    "loss": 0.5118570217168686,
    "accuracy": 0.8186687069625096,
    "class_accuracy": {
      "0": 0.0,
      "1": 0.9870848708487084
    },
    "n_samples": 1307,
    "precision": 0.8275328692962104,
    "recall": 0.9870848708487084,
    "f1": 0.9002944888514934
  },
  "timestamp": "20251208_134706"
}