{
  "train_history": {
    "train_loss": [
      2.8546670667089438,
      1.1563836255900763,
      0.8411664326423566,
      0.7801168672322308,
      0.7216316117231202,
      0.7323663246952538,
      0.6882918259173552,
      0.6334003255103258,
      0.6244756945824379,
      0.5782252291470521,
      0.5686374715215613
    ],
    "train_accuracy": [
      0.43759423689060145,
      0.71351985257162,
      0.8289495727927626,
      0.8673144580331714,
      0.8795443122801139,
      0.8805495057798626,
      0.8870832635282292,
      0.8895962472776009,
      0.8874183280281455,
      0.8909365052772659,
      0.8902663762774334
    ],
    "val_loss": [
      0.46057271673121986,
      0.46709877364424823,
      0.5730970376247629,
      0.6541477475807572,
      0.6192102849780581,
      0.5517702409597092,
      0.5577259570290279,
      0.5156132761997763,
      0.5045839416691807,
      0.5034924828978233,
      0.5161497868813044
    ],
    "val_accuracy": [
      0.9155590304925724,
      0.9155590304925724,
      0.9155590304925724,
      0.9155590304925724,
      0.9155590304925724,
      0.9155590304925724,
      0.9155590304925724,
      0.9155590304925724,
      0.9155590304925724,
      0.9155590304925724,
      0.9155590304925724
    ],
    "lr": [
      0.001,
      0.001,
      0.001,
      0.001,
      0.001,
      0.001,
      0.001,
      0.0005,
      0.0005,
      0.0005,
      0.0005
    ]
  },
  "test_metrics": {
    "loss": 0.4836745198816061,
    "accuracy": 0.884375,
    "class_accuracy": {
      "0": 0.9852045256744996,
      "1": 0.0,
      "2": 0.0
    },
    "n_samples": 1280,
    "confusion_matrix": [
      [
        1132,
        0,
        17
      ],
      [
        26,
        0,
        0
      ],
      [
        105,
        0,
        0
      ]
    ]
  },
  "regime_distribution": {
    "train": {
      "0.0": 5407,
      "2.0": 282,
      "1.0": 280
    },
    "val": {
      "0.0": 1171,
      "1.0": 67,
      "2.0": 41
    },
    "test": {
      "0.0": 1149,
      "2.0": 105,
      "1.0": 26
    }
  },
  "timestamp": "20251208_131605"
}