{
  "train_history": {
    "train_loss": [
      2.941167345073415,
      2.601963611058581,
      2.2389504523158403,
      2.142213888247588,
      1.940582969908569,
      1.8219099302371122,
      1.7588395941950938,
      1.6629760553962305,
      1.588506456689491,
      1.4909006913943303,
      1.4383838334572283,
      1.3859010182589375,
      1.3447259734872306,
      1.2776721157855935,
      1.2190258621509056,
      1.2088367681424044,
      1.1138161160609068,
      1.12291918837793,
      1.145621098970112,
      1.121997539158343,
      1.0487727908876794,
      1.0298896302807035,
      1.0251441985946612,
      0.977777249529091,
      0.9627837579996632,
      0.9702290537614902,
      0.9315483839558102,
      0.9322745088725208,
      0.9180160758898199,
      0.9129299374168269,
      0.8774606674992147,
      0.8866764400474253,
      0.8753520762821314,
      0.8479396121323604,
      0.8296019655185393,
      0.8130700885423993,
      0.8125360029886304,
      0.8237514941646121,
      0.8003358389862356,
      0.80320299774656,
      0.7824990049953936,
      0.8133784763700744,
      0.7923281191458662,
      0.770302437745303,
      0.7583413735651243,
      0.7532702076798331,
      0.7751787998009256,
      0.7644361192169612,
      0.7463509624354396,
      0.7412512208616304,
      0.7383615202520692,
      0.7497127647875419,
      0.7477829138658053,
      0.7369446334416186,
      0.7078675217245424,
      0.7240184816297072,
      0.7030175394628847,
      0.6852967914121633,
      0.6895150955363984,
      0.7142641235256459,
      0.7030567937280333,
      0.6850018649220136,
      0.7069585158223921,
      0.6828547638539132,
      0.6924044567792369,
      0.6819847727086075,
      0.6891936258596066,
      0.6722446855745817,
      0.6682200972063059
    ],
    "train_accuracy": [
      0.37562326869806095,
      0.39667590027700833,
      0.4454293628808864,
      0.44653739612188365,
      0.46703601108033244,
      0.47534626038781164,
      0.4814404432132964,
      0.4781163434903047,
      0.506371191135734,
      0.5152354570637119,
      0.5085872576177285,
      0.5124653739612188,
      0.5163434903047092,
      0.5285318559556786,
      0.5495844875346261,
      0.5385041551246538,
      0.5573407202216066,
      0.5689750692520775,
      0.5313019390581717,
      0.5601108033240997,
      0.5578947368421052,
      0.56398891966759,
      0.5556786703601108,
      0.5795013850415512,
      0.5961218836565096,
      0.5966759002770083,
      0.5983379501385041,
      0.6011080332409973,
      0.6038781163434903,
      0.6,
      0.6293628808864266,
      0.6182825484764543,
      0.6227146814404432,
      0.6387811634349031,
      0.6376731301939058,
      0.6542936288088642,
      0.6698060941828254,
      0.6498614958448753,
      0.6670360110803324,
      0.6581717451523545,
      0.6509695290858726,
      0.6609418282548476,
      0.6686980609418283,
      0.6775623268698061,
      0.6703601108033241,
      0.6930747922437673,
      0.6759002770083102,
      0.6736842105263158,
      0.6842105263157895,
      0.7019390581717452,
      0.6958448753462604,
      0.6991689750692521,
      0.6997229916897507,
      0.6997229916897507,
      0.6997229916897507,
      0.6980609418282548,
      0.7069252077562327,
      0.7191135734072022,
      0.7113573407202216,
      0.7157894736842105,
      0.7157894736842105,
      0.7174515235457064,
      0.6991689750692521,
      0.718005540166205,
      0.7196675900277009,
      0.7301939058171745,
      0.720775623268698,
      0.7274238227146814,
      0.7213296398891966
    ],
    "val_loss": [
      2.4740404013505914,
      2.3571150819050897,
      2.1965086902539754,
      2.1383678335504435,
      1.9208462238311768,
      1.8853134617363054,
      1.6957085372246419,
      1.7091681047813179,
      1.7219823512834371,
      1.6624238503347968,
      1.5758781248761207,
      1.5613213199930094,
      1.4607256196208835,
      1.4165173265122877,
      1.3515154117161465,
      1.302073320162665,
      1.2878597888749899,
      1.284975586478243,
      1.2124925175892938,
      1.140767826247461,
      1.1621343511896036,
      1.1883187711853342,
      1.1604522607990146,
      1.1249829432399003,
      1.1313250703909963,
      1.1204544563883359,
      1.0936735536634308,
      1.070300316073231,
      1.0765049432970815,
      1.0384321728932489,
      1.080134181632209,
      1.069537848541417,
      1.0489860945141192,
      1.0545119723093879,
      1.0312446036289649,
      1.0183684580104868,
      1.0165589470224283,
      1.0255060171343617,
      1.0166701483972294,
      1.0127249157305844,
      1.0037171558006523,
      1.0019225275393613,
      1.0230586110931081,
      1.032623685512346,
      1.0124519707001363,
      1.0096201183869666,
      1.001588811579439,
      1.0075645004351115,
      1.0030481962813544,
      0.9907027519855303,
      0.9972874970780206,
      0.9931045856672464,
      0.9864813593245044,
      0.9850360855613787,
      0.9858419870592884,
      1.0133938684905928,
      0.9983570723189521,
      1.0000484481300276,
      0.9809370827429074,
      0.9825417774239766,
      0.9814231653803402,
      0.9972659841026228,
      0.9936062367921022,
      1.0059640837698867,
      1.0042717948402327,
      1.0107681935595483,
      1.012302055801313,
      1.0175258781492096,
      1.0088543510928596
    ],
    "val_accuracy": [
      0.3943298969072165,
      0.39690721649484534,
      0.422680412371134,
      0.40463917525773196,
      0.42010309278350516,
      0.42010309278350516,
      0.422680412371134,
      0.4175257731958763,
      0.42783505154639173,
      0.4329896907216495,
      0.45103092783505155,
      0.44329896907216493,
      0.46134020618556704,
      0.45618556701030927,
      0.4639175257731959,
      0.4587628865979381,
      0.47680412371134023,
      0.4896907216494845,
      0.4845360824742268,
      0.47164948453608246,
      0.48195876288659795,
      0.4948453608247423,
      0.48195876288659795,
      0.4948453608247423,
      0.47164948453608246,
      0.49226804123711343,
      0.4896907216494845,
      0.5051546391752577,
      0.49226804123711343,
      0.538659793814433,
      0.5283505154639175,
      0.5438144329896907,
      0.5412371134020618,
      0.5438144329896907,
      0.538659793814433,
      0.5103092783505154,
      0.5,
      0.5180412371134021,
      0.5154639175257731,
      0.5257731958762887,
      0.5283505154639175,
      0.5283505154639175,
      0.5412371134020618,
      0.5257731958762887,
      0.49742268041237114,
      0.5103092783505154,
      0.5128865979381443,
      0.49742268041237114,
      0.520618556701031,
      0.5103092783505154,
      0.5103092783505154,
      0.520618556701031,
      0.4948453608247423,
      0.4948453608247423,
      0.5,
      0.5,
      0.5103092783505154,
      0.5154639175257731,
      0.5077319587628866,
      0.5077319587628866,
      0.5283505154639175,
      0.5128865979381443,
      0.5180412371134021,
      0.5283505154639175,
      0.5154639175257731,
      0.5231958762886598,
      0.5180412371134021,
      0.5103092783505154,
      0.5231958762886598
    ],