{
  "train_history": {
    "train_loss": [
      2.4171659684287494,
      1.8743014609988853,
      1.6471126501918802,
      1.5149093421748985,
      1.3963463587278342,
      1.343731973910068,
      1.2555918477639243,
      1.207517300144918,
      1.1799591135344962,
      1.1258156534388295,
      1.0898030746370844,
      1.0835672959412248,
      1.0468297121015855,
      1.0449722290865675,
      1.0298838244032422,
      1.0213499455359858,
      1.001581206954665,
      0.9916504118846788,
      0.9759676691248647,
      0.955100337959505,
      0.9612604393233989,
      0.9621718695637258
    ],
    "train_accuracy": [
      0.3800561333993726,
      0.4330526663364702,
      0.4589730889879478,
      0.4735017335314512,
      0.4792801717021628,
      0.4809311540366518,
      0.5056958890539871,
      0.5136206042595344,
      0.517748060095757,
      0.5327719993396071,
      0.5449892686148258,
      0.5420175004127455,
      0.5499422156182929,
      0.5552253590886578,
      0.5623245831269605,
      0.566617137196632,
      0.5740465577018325,
      0.5733861647680369,
      0.5811457817401354,
      0.5897308898794783,
      0.5897308898794783,
      0.5994716856529635
    ],
    "val_loss": [
      0.5493755851669929,
      0.4556459868082831,
      0.41773401510733854,
      0.4045018702286234,
      0.3905595830757923,
      0.3949131950253882,
      0.39566895110856953,
      0.38352812502894823,
      0.3938441165882193,
      0.3937793383245659,
      0.3788261237010383,
      0.37819776411967576,
      0.3794887016063846,
      0.38493475889663664,
      0.3862407033910002,
      0.3870131372487049,
      0.38526175590160266,
      0.3846774638984898,
      0.3937033827205652,
      0.39726990736871726,
      0.40240892379879034,
      0.38308161451195716
    ],
    "val_accuracy": [
      0.7665639445300462,
      0.825115562403698,
      0.8482280431432974,
      0.8597842835130971,
      0.8790446841294299,
      0.8859784283513097,
      0.899075500770416,
      0.899075500770416,
      0.9152542372881356,
      0.9191063174114021,
      0.9160246533127889,
      0.9291217257318952,
      0.9298921417565486,
      0.9291217257318952,
      0.9268104776579353,
      0.9314329738058552,
      0.9175654853620955,
      0.9229583975346687,
      0.9137134052388289,
      0.9121725731895224,
      0.9160246533127889,
      0.9175654853620955
    ],
    "lr": [
      0.001,
      0.001,
      0.001,
      0.001,
      0.001,
      0.001,
      0.001,
      0.001,
      0.001,
      0.001,
      0.001,
      0.001,
      0.001,
      0.001,
      0.001,
      0.001,
      0.001,
      0.001,
      0.0005,
      0.0005,
      0.0005,
      0.0005
    ]
  },
  "test_metrics": {
    "loss": 0.4502489531444291,
    "accuracy": 0.8035439137134053,
    "class_accuracy": {
      "0": 0.9831121833534379,
      "1": 0.522248243559719,
      "2": 0.22727272727272727,
      "3": 0.0
    },
    "n_samples": 1298
  },
  "timestamp": "20251208_133838"
}