{
  "train_history": {
    "train_loss": [
      2.947572896883428,
      2.7007580570897236,
      2.4278202751666886,
      2.2292681818193345,
      2.1002831410833345,
      2.0252899276913037,
      1.8639466523463706,
      1.7030320858360988,
      1.6340343191352908,
      1.5912040943584285,
      1.5476511714861334,
      1.4259093488022232,
      1.4101743838133245,
      1.3337340409735894,
      1.2892044925953874,
      1.2554815579649483,
      1.21483461520018,
      1.1861528541242647,
      1.1567446122209122,
      1.0859076781286097,
      1.0840851168883474,
      1.0678626000385865,
      1.0505708622139907,
      1.0170269678834403,
      0.990078277072748,
      0.9641482326792878,
      0.962537706723834,
      0.9489755662194249,
      0.9211852993000907,
      0.9291323713318462,
      0.9213631164994597,
      0.8945941518878673,
      0.8678263225713926,
      0.8809844092318886,
      0.8787290290452107,
      0.8430827342902524,
      0.8578017396609869,
      0.8375469950757859,
      0.8329237334285746,
      0.8507457057524916,
      0.8437049565883225,
      0.8501594575158117,
      0.8262730699496916,
      0.8330546551464006,
      0.8209226836458138,
      0.8115356712790407,
      0.817774371427182,
      0.8214099029424778,
      0.784402617985522,
      0.7733447892183742,
      0.7986978794399061,
      0.8115751029381791,
      0.7941689894470152
    ],
    "train_accuracy": [
      0.3667590027700831,
      0.392797783933518,
      0.41440443213296396,
      0.43157894736842106,
      0.4371191135734072,
      0.4343490304709141,
      0.45706371191135736,
      0.4520775623268698,
      0.4709141274238227,
      0.46094182825484764,
      0.48753462603878117,
      0.5113573407202217,
      0.47867036011080333,
      0.5119113573407202,
      0.5024930747922438,
      0.5146814404432133,
      0.5163434903047092,
      0.5240997229916897,
      0.5268698060941829,
      0.5451523545706372,
      0.5562326869806095,
      0.5534626038781163,
      0.5512465373961218,
      0.5584487534626039,
      0.5728531855955679,
      0.571191135734072,
      0.5750692520775623,
      0.5734072022160664,
      0.6,
      0.5850415512465375,
      0.5889196675900277,
      0.621606648199446,
      0.5955678670360111,
      0.6138504155124653,
      0.6204986149584487,
      0.6337950138504155,
      0.624376731301939,
      0.6421052631578947,
      0.6232686980609419,
      0.6171745152354571,
      0.6293628808864266,
      0.6376731301939058,
      0.6354570637119114,
      0.6415512465373961,
      0.6443213296398892,
      0.6393351800554017,
      0.6437673130193906,
      0.6498614958448753,
      0.6592797783933518,
      0.6659279778393352,
      0.6637119113573408,
      0.6587257617728531,
      0.657617728531856
    ],
    "val_loss": [
      2.362500142805355,
      2.0724967496911275,
      1.8885922038678042,
      1.875084365766073,
      1.9567678417127157,
      1.8681981022824947,
      1.834709268255332,
      1.7736283454698385,
      1.7383306567201908,
      1.7290940505942118,
      1.6708944323136634,
      1.6588844859722964,
      1.549652811178227,
      1.464331503995915,
      1.528373278293413,
      1.5571633614215654,
      1.5433091957544542,
      1.496058950719145,
      1.4381603211471714,
      1.4674452616996372,
      1.4694639444351196,
      1.4463734712797343,
      1.4539895610711009,
      1.4297952824032183,
      1.4450417462083482,
      1.39715389861274,
      1.3982121403684322,
      1.3851159823309516,
      1.3510572959467309,
      1.3503863737755215,
      1.3027073108043867,
      1.2790657699722605,
      1.2813812604884511,
      1.2805920187959965,
      1.2808519061078731,
      1.2912924756708832,
      1.2796568317511647,
      1.288866430213771,
      1.281801467089309,
      1.2716148796769762,
      1.2573860453576158,
      1.2561662541222327,
      1.2543265647494917,
      1.2743336724251817,
      1.2630656011325796,
      1.2559029724180084,
      1.2704762404726953,
      1.2739173788385294,
      1.283259523283575,
      1.2788807534679925,
      1.2795483254894768,
      1.2861504063163836,
      1.2968447257563012
    ],
    "val_accuracy": [
      0.33762886597938147,
      0.3402061855670103,
      0.38144329896907214,
      0.327319587628866,
      0.35309278350515466,
      0.35051546391752575,
      0.3582474226804124,
      0.3711340206185567,
      0.3556701030927835,
      0.3556701030927835,
      0.3556701030927835,
      0.35309278350515466,
      0.37371134020618557,
      0.38144329896907214,
      0.36597938144329895,
      0.35309278350515466,
      0.35309278350515466,
      0.36855670103092786,
      0.37628865979381443,
      0.35309278350515466,
      0.3634020618556701,
      0.36597938144329895,
      0.34536082474226804,
      0.33505154639175255,
      0.3634020618556701,
      0.3556701030927835,
      0.36855670103092786,
      0.35309278350515466,
      0.3427835051546392,
      0.35051546391752575,
      0.3582474226804124,
      0.33762886597938147,
      0.33762886597938147,
      0.33762886597938147,
      0.3324742268041237,
      0.33762886597938147,
      0.32989690721649484,
      0.35309278350515466,
      0.35051546391752575,
      0.35051546391752575,
      0.35051546391752575,
      0.36855670103092786,
      0.3634020618556701,
      0.3556701030927835,
      0.35309278350515466,
      0.3582474226804124,
      0.36082474226804123,
      0.38144329896907214,
      0.38144329896907214,
      0.37628865979381443,
      0.36855670103092786,
      0.3711340206185567,
      0.37628865979381443
    ],
    "lr": [
      0.001,
      0.001,
      0.001,
      0.001,
      0.001,
      0.001,
      0.001,
      0.001,
      0.001,
      0.001,
      0.001,
      0.001,
      0.001,
      0.001,
      0.001,
      0.001,
      0.001,
      0.001,
      0.001,
      0.001,
      0.001,
      0.001,
      0.001,
      0.001,
      0.001,
      0.001,
      0.001,
      0.001,
      0.001,
      0.001,
      0.001,
      0.001,
      0.001,
      0.001,
      0.001,
      0.001,
      0.001,
      0.001,
      0.0005,
      0.0005,
      0.0005,
      0.0005,
      0.0005,
      0.0005,
      0.0005,
      0.0005,
      0.0005,
      0.0005,
      0.0005,
      0.00025,
      0.00025,
      0.00025,
      0.00025
    ]
  },
  "test_metrics": {
    "loss": 1.1350547463394876,
    "accuracy": 0.5400516795865633,
    "class_accuracy": {
      "0": 0.013513513513513514,
      "1": 0.4928571428571429,
      "2": 0.8034682080924855
    },
    "n_samples": 387,
    "confusion_matrix": [
      [
        1,
        23,
        50
      ],
      [
        2,
        69,
        69
      ],
      [
        3,
        31,
        139
      ]
    ]
  },
  "regime_distribution": {
    "train": {
      "1.0": 747,
      "2.0": 741,
      "0.0": 317
    },
    "val": {
      "1.0": 178,
      "2.0": 151,
      "0.0": 59
    },
    "test": {
      "2.0": 173,
      "1.0": 140,
      "0.0": 74
    }
  },
  "timestamp": "20251208_131654"
}